Tên,Cấu hình,Ảnh,Ảnh tổng thế,Giá
Máy tính bảng Samsung Galaxy Tab S9 WiFi 8GB/128GB,"Cấu hình: [('Công nghệ màn hình', 'Dynamic AMOLED 2X'), ('Độ phân giải', '1600 x 2560 Pixels'), ('Màn hình rộng', '11"" - Tần số quét 120 Hz')]; Hệ điều hành & CPU: [('Hệ điều hành', 'Android 13'), ('Chip xử lý (CPU)', 'Snapdragon 8 Gen 2 for Galaxy'), ('Tốc độ CPU', '1 nhân 3.36 GHz, 4 nhân 2.8 GHz & 3 nhân 2 GHz'), ('Chip đồ hoạ (GPU)', 'Adreno 740')]; Bộ nhớ & Lưu trữ: [('RAM', '8 GB'), ('Dung lượng lưu trữ', '128 GB'), ('Dung lượng còn lại (khả dụng) khoảng', '99.9 GB'), ('Thẻ nhớ ngoài', 'Micro SD, hỗ trợ tối đa 1 TB')]; Camera sau: [('Độ phân giải', '13 MP'), ('Quay phim', '4K 2160p@30fps | HD 720p@30fps | FullHD 1080p@30fps'), ('Tính năng', 'Bộ lọc màu | Đèn Flash | Ánh sáng yếu (Chụp đêm) | Zoom kỹ thuật số | Xóa phông | Video chuyên nghiệp | Tua nhanh thời gian (Time‑lapse) | Toàn cảnh (Panorama) | Quét mã QR | Làm đẹp | HDR | Góc siêu rộng | Chụp ảnh chuyển động | Chụp một chạm | Chụp hẹn giờ | Chuyên nghiệp (Pro) | Tự động lấy nét')]; Camera trước: [('Độ phân giải', '12 MP'), ('Tính năng', 'Trôi nhanh thời gian (Time Lapse) | Xóa phông | Quay video HD | Quay video Full HD | Quay video 4K | Làm đẹp | Hẹn giờ chụp | HDR | Góc siêu rộng | Chụp ảnh chuyển động | Chụp một chạm | Bộ lọc màu')]; Kết nối: [('Wifi', 'Wi-Fi Direct | Wi-Fi 802.11 a/b/g/n/ac/ax | MIMO | Dual-band'), ('GPS', 'QZSS | GPS | GLONASS | GALILEO | BDS'), ('Bluetooth', 'v5.3'), ('Cổng kết nối/sạc', 'Type-C')]; Tiện ích: [('Tính năng đặc biệt', 'Ứng dụng kép (Dual Messenger) | Đa cửa sổ | Âm thanh Dolby Atmos | Âm thanh AKG | Vision Booster | Samsung DeX (Giao diện tương tự PC) | Mở rộng bộ nhớ RAM | Mở khóa bằng khuôn mặt | Mở khoá vân tay dưới màn hình | Kết nối bút S Pen | Kết nối bàn phím rời | Không gian thứ hai (Thư mục bảo mật) | HDR10+ | Chế độ trẻ em (Samsung Kids) | Chạm 2 lần tắt/mở màn hình | Chia ba màn hình | 4 loa stereo'), ('Kháng nước, bụi', 'IP68'), ('Ghi âm', 'Có'), ('Radio', 'Có')]; Pin & Sạc: [('Dung lượng pin', '8400 mAh'), ('Loại pin', 'Li-Ion'), ('Công nghệ pin', 'Sạc pin nhanh | Tiết kiệm pin'), ('Hỗ trợ sạc tối đa', '45 W')]; Thông tin chung: [('Chất liệu', 'Nhôm nguyên khối'), ('Kích thước, khối lượng', 'Dài 254.3 mm - Ngang 165.8 mm - Dày 5.9 mm - Nặng 498 g'), ('Thời điểm ra mắt', '07/2023'), ('Hãng', 'Samsung. Xem thông tin hãng')]",https://cdn.tgdd.vn/Products/Images/522/303299/samsung-galaxy-tab-s9-1-750x500.jpg; https://cdn.tgdd.vn/Products/Images/522/303299/samsung-galaxy-tab-s9-wifi-xam-128gb-3-750x500.jpg; https://cdn.tgdd.vn/Products/Images/522/303299/samsung-galaxy-tab-s9-wifi-xam-128gb-4-750x500.jpg; https://cdn.tgdd.vn/Products/Images/522/303299/samsung-galaxy-tab-s9-wifi-xam-128gb-5-750x500.jpg; https://cdn.tgdd.vn/Products/Images/522/303299/samsung-galaxy-tab-s9-wifi-xam-128gb-6-750x500.jpg,,16630000.0
Máy tính bảng Samsung Galaxy Tab S6 Lite 2024 4G 4GB/64GB,"Cấu hình: [('Công nghệ màn hình', 'TFT LCD'), ('Độ phân giải', '1200 x 2000 Pixels'), ('Màn hình rộng', '10.4"" - Tần số quét 60 Hz')]; Hệ điều hành & CPU: [('Hệ điều hành', 'Android 14'), ('Chip xử lý (CPU)', 'Exynos 1280 8 nhân'), ('Tốc độ CPU', '2 nhân 2.4 GHz & 6 nhân 2 GHz'), ('Chip đồ hoạ (GPU)', 'Mali-G68')]; Bộ nhớ & Lưu trữ: [('RAM', '4 GB'), ('Dung lượng lưu trữ', '64 GB'), ('Dung lượng còn lại (khả dụng) khoảng', '48.1 GB'), ('Thẻ nhớ ngoài', 'Micro SD, hỗ trợ tối đa 1 TB')]; Camera sau: [('Độ phân giải', '8 MP'), ('Quay phim', 'HD 720p@30fps | FullHD 1080p@30fps'), ('Tính năng', 'Bộ lọc màu | Zoom kỹ thuật số | Xóa phông | Tua nhanh thời gian (Time‑lapse) | Toàn cảnh (Panorama) | Quét mã QR | HDR | Chụp hẹn giờ | Chuyên nghiệp (Pro) | Tự động lấy nét')]; Camera trước: [('Độ phân giải', '5 MP'), ('Tính năng', 'Xóa phông | Quay video HD | Quay video Full HD | Làm đẹp | Hẹn giờ chụp | HDR | Flash màn hình | Bộ lọc màu')]; Kết nối: [('Mạng di động', 'Hỗ trợ 4G'), ('SIM', '1 Nano SIM'), ('Thực hiện cuộc gọi', 'Có nghe gọi'), ('Wifi', 'Wi-Fi hotspot | Wi-Fi Direct | Wi-Fi 802.11 a/b/g/n/ac | Dual-band'), ('GPS', 'QZSS | GPS | GLONASS | GALILEO | BDS'), ('Bluetooth', 'v5.3'), ('Cổng kết nối/sạc', 'Type-C'), ('Jack tai nghe', '3.5 mm')]; Tiện ích: [('Tính năng đặc biệt', 'Ứng dụng kép (Dual Messenger) | Đa cửa sổ | Âm thanh Dolby Atmos | Âm thanh AKG | Trợ lý ảo Google | Trợ lý Samsung Bixby | Thanh bên thông minh | Samsung DeX (Giao diện tương tự PC) | Mở rộng bộ nhớ RAM | Mở khóa bằng khuôn mặt | Loa kép | Kết nối bút S Pen | Không gian thứ hai (Thư mục bảo mật)'), ('Ghi âm', 'Có')]; Pin & Sạc: [('Dung lượng pin', '7040 mAh'), ('Loại pin', 'Li-Po'), ('Công nghệ pin', 'Tiết kiệm pin'), ('Hỗ trợ sạc tối đa', '15 W')]; Thông tin chung: [('Chất liệu', 'Kim loại nguyên khối'), ('Kích thước, khối lượng', 'Dài 244.5 mm - Ngang 154.3 mm - Dày 7 mm - Nặng 467 g'), ('Thời điểm ra mắt', '04/2024'), ('Hãng', 'Samsung. Xem thông tin hãng')]",https://cdn.tgdd.vn/Products/Images/522/322134/samsung-galaxy-tab-s6-lite-xam-1-750x500.jpg; https://cdn.tgdd.vn/Products/Images/522/322134/samsung-galaxy-tab-s6-lite-xam-2-750x500.jpg; https://cdn.tgdd.vn/Products/Images/522/322134/samsung-galaxy-tab-s6-lite-xam-3-750x500.jpg; https://cdn.tgdd.vn/Products/Images/522/322134/samsung-galaxy-tab-s6-lite-xam-4-750x500.jpg; https://cdn.tgdd.vn/Products/Images/522/322134/samsung-galaxy-tab-s6-lite-xam-5-750x500.jpg,,7060000.0
Máy tính bảng Samsung Galaxy Tab S9 5G 12GB/256GB,"Cấu hình: [('Công nghệ màn hình', 'Dynamic AMOLED 2X'), ('Độ phân giải', '1600 x 2560 Pixels'), ('Màn hình rộng', '11"" - Tần số quét 120 Hz')]; Hệ điều hành & CPU: [('Hệ điều hành', 'Android 13'), ('Chip xử lý (CPU)', 'Snapdragon 8 Gen 2 for Galaxy'), ('Tốc độ CPU', '1 nhân 3.36 GHz, 4 nhân 2.8 GHz & 3 nhân 2 GHz'), ('Chip đồ hoạ (GPU)', 'Adreno 740')]; Bộ nhớ & Lưu trữ: [('RAM', '12 GB'), ('Dung lượng lưu trữ', '256 GB'), ('Dung lượng còn lại (khả dụng) khoảng', '218.2 GB'), ('Thẻ nhớ ngoài', 'Micro SD, hỗ trợ tối đa 1 TB')]; Camera sau: [('Độ phân giải', '13 MP'), ('Quay phim', '4K 2160p@30fps | HD 720p@30fps | FullHD 1080p@30fps'), ('Tính năng', 'Bộ lọc màu | Đèn Flash | Ánh sáng yếu (Chụp đêm) | Zoom kỹ thuật số | Xóa phông | Video chuyên nghiệp | Tua nhanh thời gian (Time‑lapse) | Toàn cảnh (Panorama) | Quét mã QR | Làm đẹp | HDR | Góc siêu rộng | Chụp ảnh chuyển động | Chụp một chạm | Chụp hẹn giờ | Chuyên nghiệp (Pro) | Tự động lấy nét')]; Camera trước: [('Độ phân giải', '12 MP'), ('Tính năng', 'Trôi nhanh thời gian (Time Lapse) | Xóa phông | Quay video HD | Quay video Full HD | Quay video 4K | Làm đẹp | Hẹn giờ chụp | HDR | Góc siêu rộng | Chụp ảnh chuyển động | Chụp một chạm | Bộ lọc màu')]; Kết nối: [('Mạng di động', '5G'), ('SIM', '1 Nano SIM & 1 eSIM'), ('Thực hiện cuộc gọi', 'Có nghe gọi'), ('Wifi', 'Wi-Fi Direct | Wi-Fi 802.11 a/b/g/n/ac/ax | MIMO | Dual-band'), ('GPS', 'QZSS | GPS | GLONASS | GALILEO | BDS'), ('Bluetooth', 'v5.3'), ('Cổng kết nối/sạc', 'Type-C')]; Tiện ích: [('Tính năng đặc biệt', 'Ứng dụng kép (Dual Messenger) | Đa cửa sổ | Âm thanh Dolby Atmos | Âm thanh AKG | Vision Booster | Samsung DeX (Giao diện tương tự PC) | Mở rộng bộ nhớ RAM | Mở khóa bằng khuôn mặt | Mở khoá vân tay dưới màn hình | Kết nối bút S Pen | Kết nối bàn phím rời | Không gian thứ hai (Thư mục bảo mật) | HDR10+ | Ghi âm cuộc gọi | Chế độ trẻ em (Samsung Kids) | Chạm 2 lần tắt/mở màn hình | Chia ba màn hình | 4 loa stereo'), ('Kháng nước, bụi', 'IP68'), ('Ghi âm', 'Có'), ('Radio', 'Có')]; Pin & Sạc: [('Dung lượng pin', '8400 mAh'), ('Loại pin', 'Li-Ion'), ('Công nghệ pin', 'Sạc pin nhanh | Tiết kiệm pin'), ('Hỗ trợ sạc tối đa', '45 W')]; Thông tin chung: [('Chất liệu', 'Nhôm nguyên khối'), ('Kích thước, khối lượng', 'Dài 254.3 mm - Ngang 165.8 mm - Dày 5.9 mm - Nặng 500 g'), ('Thời điểm ra mắt', '07/2023'), ('Hãng', 'Samsung. Xem thông tin hãng')]",https://cdn.tgdd.vn/Products/Images/522/311063/samsung-galaxy-tab-s9-kem-1-750x500.jpg; https://cdn.tgdd.vn/Products/Images/522/311063/samsung-galaxy-tab-s9-kem-2-750x500.jpg; https://cdn.tgdd.vn/Products/Images/522/311063/samsung-galaxy-tab-s9-kem-3-750x500.jpg; https://cdn.tgdd.vn/Products/Images/522/311063/samsung-galaxy-tab-s9-kem-4-750x500.jpg; https://cdn.tgdd.vn/Products/Images/522/311063/samsung-galaxy-tab-s9-kem-5-750x500.jpg,,18490000.0
Máy tính bảng Samsung Galaxy Tab S10 FE+ WiFi 8GB/128GB,"Cấu hình: [('Công nghệ màn hình', 'TFT LCD'), ('Độ phân giải', '1800 x 2880 Pixels'), ('Màn hình rộng', '13.1"" - Tần số quét 90 Hz')]; Hệ điều hành & CPU: [('Hệ điều hành', 'Android 15'), ('Chip xử lý (CPU)', 'Exynos 1580 8 nhân'), ('Tốc độ CPU', '2.9 GHz'), ('Chip đồ hoạ (GPU)', 'Xclipse 540')]; Bộ nhớ & Lưu trữ: [('RAM', '8 GB'), ('Dung lượng lưu trữ', '128 GB'), ('Dung lượng còn lại (khả dụng) khoảng', '106.2 GB'), ('Thẻ nhớ ngoài', 'Micro SD, hỗ trợ tối đa 2 TB')]; Camera sau: [('Độ phân giải', '13 MP'), ('Quay phim', '4K 2160p@30fps'), ('Tính năng', 'Bộ lọc màu | Zoom kỹ thuật số | Xóa phông | Quét tài liệu | Tự động lấy nét')]; Camera trước: [('Độ phân giải', '12 MP'), ('Tính năng', 'Xóa phông | Làm đẹp | Bộ lọc màu')]; Kết nối: [('Wifi', 'Wi-Fi Direct | Wi-Fi 6 | MIMO | Dual-band'), ('GPS', 'QZSS | GPS | GLONASS | GALILEO | BDS'), ('Bluetooth', 'v5.3'), ('Cổng kết nối/sạc', 'Type-C'), ('Jack tai nghe', 'Type-C')]; Tiện ích: [('Tính năng đặc biệt', 'Xoá vật thể AI | Trợ giúp viết tay AI | Khoanh tròn để tìm kiếm với Google | Giải toán AI | Đa cửa sổ | Âm thanh AKG | Vision Booster | Samsung DeX (Giao diện tương tự PC) | Mở khóa bằng vân tay | Kết nối bút S Pen | Kết nối bàn phím rời'), ('Kháng nước, bụi', 'IP68'), ('Ghi âm', 'Có')]; Pin & Sạc: [('Dung lượng pin', '10090 mAh'), ('Loại pin', 'Li-Ion'), ('Công nghệ pin', 'Sạc pin nhanh | Tiết kiệm pin'), ('Hỗ trợ sạc tối đa', '45 W')]; Thông tin chung: [('Chất liệu', 'Nhôm nguyên khối'), ('Kích thước, khối lượng', 'Dài 300.6 mm - Ngang 194.7 mm - Dày 6 mm - Nặng 664 g'), ('Thời điểm ra mắt', '04/2025'), ('Hãng', 'Samsung. Xem thông tin hãng')]",https://cdnv2.tgdd.vn/mwg-static/tgdd/Products/Images/522/336740/samsung-galaxy-tab-s10-fe-plus-gray-1-638844716187937058-750x500.jpg; https://cdnv2.tgdd.vn/mwg-static/tgdd/Products/Images/522/336740/samsung-galaxy-tab-s10-fe-plus-gray-2-638844716194280493-750x500.jpg; https://cdnv2.tgdd.vn/mwg-static/tgdd/Products/Images/522/336740/samsung-galaxy-tab-s10-fe-plus-gray-3-638844716200249285-750x500.jpg; https://cdnv2.tgdd.vn/mwg-static/tgdd/Products/Images/522/336740/samsung-galaxy-tab-s10-fe-plus-gray-4-638844716206493505-750x500.jpg; https://cdnv2.tgdd.vn/mwg-static/tgdd/Products/Images/522/336740/samsung-galaxy-tab-s10-fe-plus-tem-99-638863580023005270-750x500.jpg,,14590000.0
Máy tính bảng Samsung Galaxy Tab S10+ WiFi 12GB/256GB,"Cấu hình: [('Công nghệ màn hình', 'Dynamic AMOLED 2X'), ('Độ phân giải', '1752 x 2800 Pixels'), ('Màn hình rộng', '12.4"" - Tần số quét 120 Hz')]; Hệ điều hành & CPU: [('Hệ điều hành', 'Android 14'), ('Chip xử lý (CPU)', 'MediaTek Dimensity 9300+ 8 nhân'), ('Tốc độ CPU', '3.4 GHz'), ('Chip đồ hoạ (GPU)', 'ARM Immortalis G720')]; Bộ nhớ & Lưu trữ: [('RAM', '12 GB'), ('Dung lượng lưu trữ', '256 GB'), ('Dung lượng còn lại (khả dụng) khoảng', '218.2 GB'), ('Thẻ nhớ ngoài', 'Micro SD, hỗ trợ tối đa 1.5 TB')]; Camera sau: [('Độ phân giải', 'Chính 13 MP & Phụ 8 MP'), ('Quay phim', '4K 2160p@30fps'), ('Tính năng', 'Đèn Flash | Zoom kỹ thuật số | Xóa phông | Tua nhanh thời gian (Time‑lapse) | Toàn cảnh (Panorama) | Quét tài liệu | Quét mã QR | HDR | Góc siêu rộng | Chuyên nghiệp (Pro) | Tự động lấy nét')]; Camera trước: [('Độ phân giải', '12 MP'), ('Tính năng', 'Trôi nhanh thời gian (Time Lapse) | Xóa phông | Video chân dung | Làm đẹp | Hẹn giờ chụp | Góc rộng | Bộ lọc màu')]; Kết nối: [('Wifi', 'Wi-Fi Direct | Wi-Fi 802.11 a/b/g/n/ac/ax | Wi-Fi 6E | MIMO | Dual-band'), ('GPS', 'QZSS | GPS | GLONASS | GALILEO | BDS'), ('Bluetooth', 'v5.3'), ('Cổng kết nối/sạc', 'Type-C'), ('Jack tai nghe', 'Type-C')]; Tiện ích: [('Tính năng đặc biệt', 'Trợ lý phiên dịch | Trợ lý Note quyền năng | Trợ lý ghi âm | Trợ lý chỉnh ảnh | Trợ lý chat thông minh | Trình duyệt thông minh | Khoanh tròn để tìm kiếm với Google | Âm thanh Dolby Atmos | Âm thanh AKG | Samsung DeX (Giao diện tương tự PC) | Phác thảo thông minh | Mở khoá vân tay dưới màn hình | Kết nối bút S Pen | Công nghệ tản nhiệt buồng hơi | Công nghệ Ray Tracing | 4 loa'), ('Kháng nước, bụi', 'IP68'), ('Ghi âm', 'Có'), ('Radio', 'Có')]; Pin & Sạc: [('Dung lượng pin', '10090 mAh'), ('Loại pin', 'Li-Ion'), ('Công nghệ pin', 'Sạc pin nhanh | Tiết kiệm pin'), ('Hỗ trợ sạc tối đa', '45 W')]; Thông tin chung: [('Chất liệu', 'Nhôm nguyên khối'), ('Kích thước, khối lượng', 'Dài 285.4 mm - Ngang 185.4 mm - Dày 5.7 mm - Nặng 571 g'), ('Thời điểm ra mắt', '10/2024'), ('Hãng', 'Samsung. Xem thông tin hãng')]",https://cdnv2.tgdd.vn/mwg-static/tgdd/Products/Images/522/322130/samsung-galaxy-tab-s10-plus-gray-1-638629870734972892-750x500.jpg; https://cdnv2.tgdd.vn/mwg-static/tgdd/Products/Images/522/322130/samsung-galaxy-tab-s10-plus-gray-2-638629870745557501-750x500.jpg; https://cdnv2.tgdd.vn/mwg-static/tgdd/Products/Images/522/322130/samsung-galaxy-tab-s10-plus-gray-3-638629870751242548-750x500.jpg; https://cdnv2.tgdd.vn/mwg-static/tgdd/Products/Images/522/322130/samsung-galaxy-tab-s10-plus-gray-4-638629870759115237-750x500.jpg; https://cdnv2.tgdd.vn/mwg-static/tgdd/Products/Images/522/322130/samsung-galaxy-tab-s10-plus-gray-5-638629870764681884-750x500.jpg; https://cdnv2.tgdd.vn/mwg-static/tgdd/Products/Images/522/322130/samsung-galaxy-tab-s10-plus-tem-99-638640922250179140-750x500.jpg,,21520000.0
Máy tính bảng Samsung Galaxy Tab A9+ 5G 4GB/64GB,"Cấu hình: [('Công nghệ màn hình', 'TFT LCD'), ('Độ phân giải', '1200 x 1920 Pixels'), ('Màn hình rộng', '11"" - Tần số quét 90 Hz')]; Hệ điều hành & CPU: [('Hệ điều hành', 'Android 13'), ('Chip xử lý (CPU)', 'Snapdragon 695'), ('Tốc độ CPU', '2.2 GHz'), ('Chip đồ hoạ (GPU)', 'Adreno 619')]; Bộ nhớ & Lưu trữ: [('RAM', '4 GB'), ('Dung lượng lưu trữ', '64 GB'), ('Dung lượng còn lại (khả dụng) khoảng', '45 GB'), ('Thẻ nhớ ngoài', 'Micro SD, hỗ trợ tối đa 1 TB')]; Camera sau: [('Độ phân giải', '8 MP'), ('Quay phim', 'HD 720p@30fps | FullHD 1080p@30fps'), ('Tính năng', 'Bộ lọc màu | Ánh sáng yếu (Chụp đêm) | Zoom kỹ thuật số | Xóa phông | Tua nhanh thời gian (Time‑lapse) | Toàn cảnh (Panorama) | Quét tài liệu | Quét mã QR | Làm đẹp | HDR | Chụp hẹn giờ | Chuyên nghiệp (Pro) | Tự động lấy nét')]; Camera trước: [('Độ phân giải', '5 MP'), ('Tính năng', 'Trôi nhanh thời gian (Time Lapse) | Xóa phông | Quay video HD | Quay video Full HD | Làm đẹp | Hẹn giờ chụp | HDR | Góc rộng | Flash màn hình | Chụp ban đêm | Bộ lọc màu')]; Kết nối: [('Mạng di động', '5G'), ('SIM', '1 Nano SIM'), ('Thực hiện cuộc gọi', 'Có nghe gọi'), ('Wifi', 'Wi-Fi Direct | Wi-Fi 802.11 a/b/g/n/ac | Dual-band'), ('GPS', 'QZSS | GPS | GLONASS | GALILEO | BDS'), ('Bluetooth', 'v5.1'), ('Cổng kết nối/sạc', 'Type-C'), ('Jack tai nghe', '3.5 mm')]; Tiện ích: [('Tính năng đặc biệt', 'Ứng dụng kép (Dual Messenger) | Đa cửa sổ | Âm thanh Dolby Atmos | Samsung DeX (Giao diện tương tự PC) | Mở khóa bằng khuôn mặt | Kết nối bàn phím rời | Không gian thứ hai (Thư mục bảo mật) | Chế độ trẻ em (Samsung Kids) | Chạm 2 lần tắt/mở màn hình | 4 loa'), ('Ghi âm', 'Có')]; Pin & Sạc: [('Dung lượng pin', '7040 mAh'), ('Loại pin', 'Li-Ion'), ('Công nghệ pin', 'Tiết kiệm pin'), ('Hỗ trợ sạc tối đa', '15 W')]; Thông tin chung: [('Chất liệu', 'Nhôm nguyên khối'), ('Kích thước, khối lượng', 'Dài 257.1 mm - Ngang 168.7 mm - Dày 6.9 mm - Nặng 491 g'), ('Thời điểm ra mắt', '10/2023'), ('Hãng', 'Samsung. Xem thông tin hãng')]",https://cdn.tgdd.vn/Products/Images/522/317623/samsung-galaxy-tab-a9-plus-bac-1-1-750x500.jpg; https://cdn.tgdd.vn/Products/Images/522/317623/samsung-galaxy-tab-a9-plus-bac-2-1-750x500.jpg; https://cdn.tgdd.vn/Products/Images/522/317623/samsung-galaxy-a9-plus-bac-3-1-750x500.jpg; https://cdn.tgdd.vn/Products/Images/522/317623/sansung-galaxy-tab-a9-plus-bac-13-750x500.jpg; https://cdn.tgdd.vn/Products/Images/522/317623/Kit/samsung-galaxy-tab-a9-plus-bbh-org.jpg,,7360000.0
Máy tính bảng Samsung Galaxy Tab S10 FE 5G 8GB/128GB,"Cấu hình: [('Công nghệ màn hình', 'TFT LCD'), ('Độ phân giải', '1440 x 2304 Pixels'), ('Màn hình rộng', '10.9"" - Tần số quét 90 Hz')]; Hệ điều hành & CPU: [('Hệ điều hành', 'Android 15'), ('Chip xử lý (CPU)', 'Exynos 1580 8 nhân'), ('Tốc độ CPU', '2.9 GHz'), ('Chip đồ hoạ (GPU)', 'Xclipse 540')]; Bộ nhớ & Lưu trữ: [('RAM', '8 GB'), ('Dung lượng lưu trữ', '128 GB'), ('Dung lượng còn lại (khả dụng) khoảng', '106.2 GB'), ('Thẻ nhớ ngoài', 'Micro SD, hỗ trợ tối đa 2 TB')]; Camera sau: [('Độ phân giải', '13 MP'), ('Quay phim', '4K 2160p@30fps'), ('Tính năng', 'Bộ lọc màu | Zoom kỹ thuật số | Xóa phông | Quét tài liệu | Tự động lấy nét')]; Camera trước: [('Độ phân giải', '12 MP'), ('Tính năng', 'Xóa phông | Làm đẹp | Bộ lọc màu')]; Kết nối: [('Mạng di động', '5G'), ('SIM', '1 Nano SIM & 1 eSIM'), ('Thực hiện cuộc gọi', 'Có nghe gọi'), ('Wifi', 'Wi-Fi Direct | Wi-Fi 6 | MIMO | Dual-band'), ('GPS', 'QZSS | GPS | GLONASS | GALILEO | BDS'), ('Bluetooth', 'v5.3'), ('Cổng kết nối/sạc', 'Type-C'), ('Jack tai nghe', 'Type-C')]; Tiện ích: [('Tính năng đặc biệt', 'Xoá vật thể AI | Trợ giúp viết tay AI | Khoanh tròn để tìm kiếm với Google | Giải toán AI | Đa cửa sổ | Âm thanh AKG | Vision Booster | Samsung DeX (Giao diện tương tự PC) | Mở khóa bằng vân tay | Kết nối bút S Pen | Kết nối bàn phím rời'), ('Kháng nước, bụi', 'IP68'), ('Ghi âm', 'Có')]; Pin & Sạc: [('Dung lượng pin', '8000 mAh'), ('Loại pin', 'Li-Ion'), ('Công nghệ pin', 'Sạc pin nhanh | Tiết kiệm pin'), ('Hỗ trợ sạc tối đa', '45 W')]; Thông tin chung: [('Chất liệu', 'Nhôm nguyên khối'), ('Kích thước, khối lượng', 'Dài 254.3 mm - Ngang 165.8 mm - Dày 6 mm - Nặng 500 g'), ('Thời điểm ra mắt', '04/2025'), ('Hãng', 'Samsung. Xem thông tin hãng')]",https://cdnv2.tgdd.vn/mwg-static/tgdd/Products/Images/522/336738/samsung-galaxy-tab-s10-fe-blue-1-638844715476233288-750x500.jpg; https://cdnv2.tgdd.vn/mwg-static/tgdd/Products/Images/522/336738/samsung-galaxy-tab-s10-fe-blue-2-638844715481266343-750x500.jpg; https://cdnv2.tgdd.vn/mwg-static/tgdd/Products/Images/522/336738/samsung-galaxy-tab-s10-fe-blue-3-638844715487272038-750x500.jpg; https://cdnv2.tgdd.vn/mwg-static/tgdd/Products/Images/522/336738/samsung-galaxy-tab-s10-fe-blue-4-638844715493864630-750x500.jpg; https://cdnv2.tgdd.vn/mwg-static/tgdd/Products/Images/522/336738/samsung-galaxy-tab-s10-fe-5g-tem-99-638848073358087806-750x500.jpg,,13590000.0
Máy tính bảng Samsung Galaxy Tab A9 4G 4GB/64GB,"Cấu hình: [('Công nghệ màn hình', 'TFT LCD'), ('Độ phân giải', '800 x 1340 Pixels'), ('Màn hình rộng', '8.7"" - Tần số quét 60 Hz')]; Hệ điều hành & CPU: [('Hệ điều hành', 'Android 13'), ('Chip xử lý (CPU)', 'MediaTek Helio G99'), ('Tốc độ CPU', '2.2 GHz'), ('Chip đồ hoạ (GPU)', 'Mali-G57 MC2')]; Bộ nhớ & Lưu trữ: [('RAM', '4 GB'), ('Dung lượng lưu trữ', '64 GB'), ('Dung lượng còn lại (khả dụng) khoảng', '45 GB'), ('Thẻ nhớ ngoài', 'Micro SD, hỗ trợ tối đa 1 TB')]; Camera sau: [('Độ phân giải', '8 MP'), ('Quay phim', 'HD 720p@30fps | FullHD 1080p@30fps'), ('Tính năng', 'Bộ lọc màu | Ánh sáng yếu (Chụp đêm) | Zoom kỹ thuật số | Xóa phông | Tua nhanh thời gian (Time‑lapse) | Toàn cảnh (Panorama) | Quét tài liệu | Quét mã QR | Làm đẹp | Chụp hẹn giờ | Chuyên nghiệp (Pro) | Tự động lấy nét')]; Camera trước: [('Độ phân giải', '2 MP'), ('Tính năng', 'Trôi nhanh thời gian (Time Lapse) | Xóa phông | Quay video HD | Làm đẹp | Hẹn giờ chụp | Góc rộng | Flash màn hình | Chụp ban đêm | Bộ lọc màu')]; Kết nối: [('Mạng di động', 'Hỗ trợ 4G'), ('SIM', '1 Nano SIM'), ('Thực hiện cuộc gọi', 'Có nghe gọi'), ('Wifi', 'Wi-Fi Direct | Wi-Fi 802.11 a/b/g/n/ac | Dual-band'), ('GPS', 'QZSS | GPS | GLONASS | GALILEO | BDS'), ('Bluetooth', 'v5.3'), ('Cổng kết nối/sạc', 'Type-C'), ('Jack tai nghe', '3.5 mm')]; Tiện ích: [('Tính năng đặc biệt', 'Ứng dụng kép (Dual Messenger) | Đa cửa sổ | Âm thanh Dolby Atmos | Mở khóa bằng khuôn mặt | Loa kép | Không gian thứ hai (Thư mục bảo mật) | Chế độ trẻ em (Samsung Kids) | Chạm 2 lần tắt/mở màn hình'), ('Ghi âm', 'Có')]; Pin & Sạc: [('Dung lượng pin', '5100 mAh'), ('Loại pin', 'Li-Ion'), ('Công nghệ pin', 'Tiết kiệm pin'), ('Hỗ trợ sạc tối đa', '15 W')]; Thông tin chung: [('Chất liệu', 'Nhôm nguyên khối'), ('Kích thước, khối lượng', 'Dài 211 mm - Ngang 124.7 mm - Dày 8 mm - Nặng 333 g'), ('Thời điểm ra mắt', '10/2023'), ('Hãng', 'Samsung. Xem thông tin hãng')]",https://cdn.tgdd.vn/Products/Images/522/317621/samsung-galaxy-tab-a9-xam-1-750x500.jpg; https://cdn.tgdd.vn/Products/Images/522/317621/samsung-galaxy-tab-a9-xam-4g-2-750x500.jpg; https://cdn.tgdd.vn/Products/Images/522/317621/samsung-galaxy-tab-a9-xam-4g-3-750x500.jpg; https://cdn.tgdd.vn/Products/Images/522/317621/samsung-galaxy-tab-a9-xam-4g-4-750x500.jpg; https://cdn.tgdd.vn/Products/Images/522/317621/samsung-galaxy-tab-a9-xam-4g-5-750x500.jpg,,4900000.0
Máy tính bảng Samsung Galaxy Tab A9+ WiFi 8GB/128GB,"Cấu hình: [('Công nghệ màn hình', 'TFT LCD'), ('Độ phân giải', '1200 x 1920 Pixels'), ('Màn hình rộng', '11"" - Tần số quét 90 Hz')]; Hệ điều hành & CPU: [('Hệ điều hành', 'Android 14'), ('Chip xử lý (CPU)', 'Snapdragon 695'), ('Tốc độ CPU', '2.2 GHz'), ('Chip đồ hoạ (GPU)', 'Adreno 619')]; Bộ nhớ & Lưu trữ: [('RAM', '8 GB'), ('Dung lượng lưu trữ', '128 GB'), ('Dung lượng còn lại (khả dụng) khoảng', '104 GB'), ('Thẻ nhớ ngoài', 'Micro SD, hỗ trợ tối đa 1 TB')]; Camera sau: [('Độ phân giải', '8 MP'), ('Quay phim', 'HD 720p@30fps | FullHD 1080p@30fps'), ('Tính năng', 'Bộ lọc màu | Ánh sáng yếu (Chụp đêm) | Zoom kỹ thuật số | Xóa phông | Tua nhanh thời gian (Time‑lapse) | Toàn cảnh (Panorama) | Quét tài liệu | Quét mã QR | Làm đẹp | HDR | Chụp hẹn giờ | Chuyên nghiệp (Pro) | Tự động lấy nét')]; Camera trước: [('Độ phân giải', '5 MP'), ('Tính năng', 'Trôi nhanh thời gian (Time Lapse) | Xóa phông | Quay video HD | Quay video Full HD | Làm đẹp | Hẹn giờ chụp | HDR | Góc rộng | Flash màn hình | Chụp ban đêm | Bộ lọc màu')]; Kết nối: [('Wifi', 'Wi-Fi Direct | Wi-Fi 802.11 a/b/g/n/ac | Dual-band'), ('GPS', 'QZSS | GPS | GLONASS | GALILEO | BDS'), ('Bluetooth', 'v5.1'), ('Cổng kết nối/sạc', 'Type-C'), ('Jack tai nghe', '3.5 mm')]; Tiện ích: [('Tính năng đặc biệt', 'Ứng dụng kép (Dual Messenger) | Đa cửa sổ | Âm thanh Dolby Atmos | Samsung DeX (Giao diện tương tự PC) | Mở khóa bằng khuôn mặt | Kết nối bàn phím rời | Không gian thứ hai (Thư mục bảo mật) | Chế độ trẻ em (Samsung Kids) | Chạm 2 lần tắt/mở màn hình | 4 loa'), ('Ghi âm', 'Có')]; Pin & Sạc: [('Dung lượng pin', '7040 mAh'), ('Loại pin', 'Li-Ion'), ('Công nghệ pin', 'Tiết kiệm pin'), ('Hỗ trợ sạc tối đa', '15 W')]; Thông tin chung: [('Chất liệu', 'Nhôm nguyên khối'), ('Kích thước, khối lượng', 'Dài 257.1 mm - Ngang 168.7 mm - Dày 6.9 mm - Nặng 480 g'), ('Thời điểm ra mắt', '12/2024'), ('Hãng', 'Samsung. Xem thông tin hãng')]",https://cdnv2.tgdd.vn/mwg-static/tgdd/Products/Images/522/333481/samsung-galaxy-tab-a9-plus-wifi-xam-1-638716008938467421-750x500.jpg; https://cdnv2.tgdd.vn/mwg-static/tgdd/Products/Images/522/333481/samsung-galaxy-tab-a9-plus-wifi-xam-2-638716008944771157-750x500.jpg; https://cdnv2.tgdd.vn/mwg-static/tgdd/Products/Images/522/333481/samsung-galaxy-tab-a9-plus-wifi-xam-3-638716008951057136-750x500.jpg; https://cdnv2.tgdd.vn/mwg-static/tgdd/Products/Images/522/333481/samsung-galaxy-tab-a9-plus-wifi-xam-4-638716008958056271-750x500.jpg; https://cdnv2.tgdd.vn/mwg-static/tgdd/Products/Images/522/333481/samsung-galaxy-tab-a9-plus-wifi-xam-5-638716008967836421-750x500.jpg,,6870000.0
Máy tính bảng Samsung Galaxy Tab S10 FE WiFi 8GB/128GB,"Cấu hình: [('Công nghệ màn hình', 'TFT LCD'), ('Độ phân giải', '1440 x 2304 Pixels'), ('Màn hình rộng', '10.9"" - Tần số quét 90 Hz')]; Hệ điều hành & CPU: [('Hệ điều hành', 'Android 15'), ('Chip xử lý (CPU)', 'Exynos 1580 8 nhân'), ('Tốc độ CPU', '2.9 GHz'), ('Chip đồ hoạ (GPU)', 'Xclipse 540')]; Bộ nhớ & Lưu trữ: [('RAM', '8 GB'), ('Dung lượng lưu trữ', '128 GB'), ('Dung lượng còn lại (khả dụng) khoảng', '106.2 GB'), ('Thẻ nhớ ngoài', 'Micro SD, hỗ trợ tối đa 2 TB')]; Camera sau: [('Độ phân giải', '13 MP'), ('Quay phim', '4K 2160p@30fps'), ('Tính năng', 'Bộ lọc màu | Zoom kỹ thuật số | Xóa phông | Quét tài liệu | Tự động lấy nét')]; Camera trước: [('Độ phân giải', '12 MP'), ('Tính năng', 'Xóa phông | Làm đẹp | Bộ lọc màu')]; Kết nối: [('Wifi', 'Wi-Fi Direct | Wi-Fi 6 | MIMO | Dual-band'), ('GPS', 'QZSS | GPS | GLONASS | GALILEO | BDS'), ('Bluetooth', 'v5.3'), ('Cổng kết nối/sạc', 'Type-C'), ('Jack tai nghe', 'Type-C')]; Tiện ích: [('Tính năng đặc biệt', 'Xoá vật thể AI | Trợ giúp viết tay AI | Khoanh tròn để tìm kiếm với Google | Giải toán AI | Đa cửa sổ | Âm thanh AKG | Vision Booster | Samsung DeX (Giao diện tương tự PC) | Mở khóa bằng vân tay | Kết nối bút S Pen | Kết nối bàn phím rời'), ('Kháng nước, bụi', 'IP68'), ('Ghi âm', 'Có')]; Pin & Sạc: [('Dung lượng pin', '8000 mAh'), ('Loại pin', 'Li-Ion'), ('Công nghệ pin', 'Sạc pin nhanh | Tiết kiệm pin'), ('Hỗ trợ sạc tối đa', '45 W')]; Thông tin chung: [('Chất liệu', 'Nhôm nguyên khối'), ('Kích thước, khối lượng', 'Dài 254.3 mm - Ngang 165.8 mm - Dày 6 mm - Nặng 497 g'), ('Thời điểm ra mắt', '04/2025'), ('Hãng', 'Samsung. Xem thông tin hãng')]",https://cdnv2.tgdd.vn/mwg-static/tgdd/Products/Images/522/336737/samsung-galaxy-tab-s10-fe-sliver-1-638844715383644029-750x500.jpg; https://cdnv2.tgdd.vn/mwg-static/tgdd/Products/Images/522/336737/samsung-galaxy-tab-s10-fe-sliver-2-638844715390078931-750x500.jpg; https://cdnv2.tgdd.vn/mwg-static/tgdd/Products/Images/522/336737/samsung-galaxy-tab-s10-fe-sliver-3-638844715396423830-750x500.jpg; https://cdnv2.tgdd.vn/mwg-static/tgdd/Products/Images/522/336737/samsung-galaxy-tab-s10-fe-sliver-4-638844715402862427-750x500.jpg; https://cdnv2.tgdd.vn/mwg-static/tgdd/Products/Images/522/336737/samsung-galaxy-tab-s10-fe-tem-99-638848073622047916-750x500.jpg,,10590000.0
Máy tính bảng Samsung Galaxy Tab S10 Ultra 5G 12GB/256GB,"Cấu hình: [('Công nghệ màn hình', 'Dynamic AMOLED 2X'), ('Độ phân giải', '1848 x 2960 Pixels'), ('Màn hình rộng', '14.6"" - Tần số quét 120 Hz')]; Hệ điều hành & CPU: [('Hệ điều hành', 'Android 14'), ('Chip xử lý (CPU)', 'MediaTek Dimensity 9300+ 8 nhân'), ('Tốc độ CPU', '3.4 GHz'), ('Chip đồ hoạ (GPU)', 'ARM Immortalis G720')]; Bộ nhớ & Lưu trữ: [('RAM', '12 GB'), ('Dung lượng lưu trữ', '256 GB'), ('Dung lượng còn lại (khả dụng) khoảng', '218.2 GB'), ('Thẻ nhớ ngoài', 'Micro SD, hỗ trợ tối đa 1.5 TB')]; Camera sau: [('Độ phân giải', 'Chính 13 MP & Phụ 8 MP'), ('Quay phim', '4K 2160p@30fps'), ('Tính năng', 'Đèn Flash | Zoom kỹ thuật số | Xóa phông | Tua nhanh thời gian (Time‑lapse) | Toàn cảnh (Panorama) | Quét tài liệu | Quét mã QR | HDR | Góc siêu rộng | Chuyên nghiệp (Pro) | Tự động lấy nét')]; Camera trước: [('Độ phân giải', '2 Camera 12 MP'), ('Tính năng', 'Trôi nhanh thời gian (Time Lapse) | Xóa phông | Video chân dung | Làm đẹp | Hẹn giờ chụp | Góc rộng | Bộ lọc màu')]; Kết nối: [('Mạng di động', '5G'), ('SIM', '1 Nano SIM & 1 eSIM'), ('Thực hiện cuộc gọi', 'Có nghe gọi'), ('Wifi', 'Wi-Fi Direct | Wi-Fi 802.11 a/b/g/n/ac/ax | MIMO | Dual-band'), ('GPS', 'QZSS | GPS | GLONASS | GALILEO | BDS'), ('Bluetooth', 'v5.3'), ('Cổng kết nối/sạc', 'Type-C'), ('Jack tai nghe', 'Type-C')]; Tiện ích: [('Tính năng đặc biệt', 'Trợ lý phiên dịch | Trợ lý Note quyền năng | Trợ lý ghi âm | Trợ lý chỉnh ảnh | Trình duyệt thông minh | Khoanh tròn để tìm kiếm với Google | Âm thanh Dolby Atmos | Âm thanh AKG | Samsung DeX (Giao diện tương tự PC) | Phác thảo thông minh | Mở khoá vân tay dưới màn hình | Kết nối bút S Pen | Công nghệ tản nhiệt buồng hơi'), ('Kháng nước, bụi', 'IP68'), ('Ghi âm', 'Có'), ('Radio', 'Có')]; Pin & Sạc: [('Dung lượng pin', '11200 mAh'), ('Loại pin', 'Li-Ion'), ('Công nghệ pin', 'Sạc pin nhanh | Tiết kiệm pin'), ('Hỗ trợ sạc tối đa', '45 W')]; Thông tin chung: [('Chất liệu', 'Nhôm nguyên khối'), ('Kích thước, khối lượng', 'Dài 326.4 mm - Ngang 208.6 mm - Dày 5.4 mm - Nặng 723 g'), ('Thời điểm ra mắt', '10/2024'), ('Hãng', 'Samsung. Xem thông tin hãng')]",https://cdnv2.tgdd.vn/mwg-static/tgdd/Products/Images/522/322132/samsung-galaxy-tab-s10-ultra-gray-1-638642576156419629-750x500.jpg; https://cdnv2.tgdd.vn/mwg-static/tgdd/Products/Images/522/322132/samsung-galaxy-tab-s10-ultra-gray-2-638642576163393588-750x500.jpg; https://cdnv2.tgdd.vn/mwg-static/tgdd/Products/Images/522/322132/samsung-galaxy-tab-s10-ultra-gray-3-638642576169466563-750x500.jpg; https://cdnv2.tgdd.vn/mwg-static/tgdd/Products/Images/522/322132/samsung-galaxy-tab-s10-ultra-gray-4-638642576175942774-750x500.jpg; https://cdnv2.tgdd.vn/mwg-static/tgdd/Products/Images/522/322132/samsung-galaxy-tab-s10-ultra-gray-5-638642576182510923-750x500.jpg; https://cdnv2.tgdd.vn/mwg-static/tgdd/Products/Images/522/322132/samsung-galaxy-tab-s10-ultra-gray-6-638642576189631738-750x500.jpg,,29380000.0
Máy tính bảng Samsung Galaxy Tab A11 WiFi 4GB/64GB,"Cấu hình: [('Công nghệ màn hình', 'TFT LCD'), ('Độ phân giải', '800 x 1340 Pixels'), ('Màn hình rộng', '8.7"" - Tần số quét 90 Hz')]; Hệ điều hành & CPU: [('Hệ điều hành', 'Android 15'), ('Chip xử lý (CPU)', 'MediaTek Helio G99'), ('Tốc độ CPU', '2.2 GHz'), ('Chip đồ hoạ (GPU)', 'Mali-G57 MC2')]; Bộ nhớ & Lưu trữ: [('RAM', '4 GB'), ('Dung lượng lưu trữ', '64 GB'), ('Dung lượng còn lại (khả dụng) khoảng', '44.9 GB'), ('Thẻ nhớ ngoài', 'Micro SD, hỗ trợ tối đa 2 TB')]; Camera sau: [('Độ phân giải', '8 MP'), ('Quay phim', 'FullHD 1080p@30fps'), ('Tính năng', 'Tự động lấy nét')]; Camera trước: [('Độ phân giải', '5 MP')]; Kết nối: [('Wifi', 'Wi-Fi 5 | Dual-band'), ('GPS', 'QZSS | GPS | GLONASS | GALILEO | BDS'), ('Bluetooth', 'v5.3'), ('Cổng kết nối/sạc', 'Type-C'), ('Jack tai nghe', '3.5 mm')]; Tiện ích: [('Tính năng đặc biệt', 'Giải toán AI | Đa cửa sổ | Âm thanh Dolby Atmos | Mở khóa bằng khuôn mặt | Chế độ trẻ em (Samsung Kids)'), ('Kháng nước, bụi', 'IP52'), ('Ghi âm', 'Có')]; Pin & Sạc: [('Dung lượng pin', '5100 mAh'), ('Loại pin', 'Li-Ion'), ('Công nghệ pin', 'Tiết kiệm pin'), ('Hỗ trợ sạc tối đa', '15 W')]; Thông tin chung: [('Chất liệu', 'Nhôm nguyên khối'), ('Kích thước, khối lượng', 'Dài 211 mm - Ngang 124.7 mm - Dày 8 mm - Nặng 335 g'), ('Thời điểm ra mắt', '09/2025'), ('Hãng', 'Samsung. Xem thông tin hãng')]",,,3990000.0
Máy tính bảng Samsung Galaxy Tab A11 4G 4GB/64GB,"Cấu hình: [('Công nghệ màn hình', 'TFT LCD'), ('Độ phân giải', '800 x 1340 Pixels'), ('Màn hình rộng', '8.7"" - Tần số quét 90 Hz')]; Hệ điều hành & CPU: [('Hệ điều hành', 'Android 15'), ('Chip xử lý (CPU)', 'MediaTek Helio G99'), ('Tốc độ CPU', '2.2 GHz'), ('Chip đồ hoạ (GPU)', 'Mali-G57 MC2')]; Bộ nhớ & Lưu trữ: [('RAM', '4 GB'), ('Dung lượng lưu trữ', '64 GB'), ('Dung lượng còn lại (khả dụng) khoảng', '44.9 GB'), ('Thẻ nhớ ngoài', 'Micro SD, hỗ trợ tối đa 2 TB')]; Camera sau: [('Độ phân giải', '8 MP'), ('Quay phim', 'FullHD 1080p@30fps'), ('Tính năng', 'Tự động lấy nét')]; Camera trước: [('Độ phân giải', '5 MP')]; Kết nối: [('Mạng di động', 'Hỗ trợ 4G'), ('SIM', '1 Nano SIM'), ('Thực hiện cuộc gọi', 'Có nghe gọi'), ('Wifi', 'Wi-Fi 5 | Dual-band'), ('GPS', 'QZSS | GPS | GLONASS | GALILEO | BDS'), ('Bluetooth', 'v5.3'), ('Cổng kết nối/sạc', 'Type-C'), ('Jack tai nghe', '3.5 mm')]; Tiện ích: [('Tính năng đặc biệt', 'Giải toán AI | Đa cửa sổ | Âm thanh Dolby Atmos | Mở khóa bằng khuôn mặt | Chế độ trẻ em (Samsung Kids)'), ('Kháng nước, bụi', 'IP52'), ('Ghi âm', 'Có')]; Pin & Sạc: [('Dung lượng pin', '5100 mAh'), ('Loại pin', 'Li-Ion'), ('Công nghệ pin', 'Tiết kiệm pin'), ('Hỗ trợ sạc tối đa', '15 W')]; Thông tin chung: [('Chất liệu', 'Nhôm nguyên khối'), ('Kích thước, khối lượng', 'Dài 211 mm - Ngang 124.7 mm - Dày 8 mm - Nặng 337 g'), ('Thời điểm ra mắt', '09/2025'), ('Hãng', 'Samsung. Xem thông tin hãng')]",,,5490000.0
Máy tính bảng iPad A16 WiFi 128GB,"Cấu hình: [('Công nghệ màn hình', 'Retina IPS LCD'), ('Độ phân giải', '1640 x 2360 Pixels'), ('Màn hình rộng', '11"" - Tần số quét 60 Hz')]; Hệ điều hành & CPU: [('Hệ điều hành', 'iPadOS 18'), ('Chip xử lý (CPU)', 'Apple A16 5 nhân'), ('Tốc độ CPU', 'Hãng không công bố'), ('Chip đồ hoạ (GPU)', 'Apple GPU 4 nhân')]; Bộ nhớ & Lưu trữ: [('RAM', '6 GB'), ('Dung lượng lưu trữ', '128 GB'), ('Dung lượng còn lại (khả dụng) khoảng', '113 GB')]; Camera sau: [('Độ phân giải', '12 MP'), ('Quay phim', '4K 2160p@30fps | HD 720p@60fps | HD 720p@30fps | FullHD 1080p@60fps | FullHD 1080p@30fps | FullHD 1080p@25fps | FullHD 1080p@240fps | FullHD 1080p@120fps | 4K 2160p@60fps | 4K 2160p@25fps | 4K 2160p@24fps'), ('Tính năng', 'Zoom kỹ thuật số | Tua nhanh thời gian (Time‑lapse) | Toàn cảnh (Panorama) | Smart HDR 4 | Quay chậm (Slow Motion) | Gắn thẻ địa lý | Chế độ điện ảnh | Tự động lấy nét')]; Camera trước: [('Độ phân giải', '12 MP'), ('Tính năng', 'Trôi nhanh thời gian (Time Lapse) | Quay video HD | Quay video Full HD | Góc siêu rộng | Flash Retina | Chế độ điện ảnh')]; Kết nối: [('Thực hiện cuộc gọi', 'Nghe gọi qua FaceTime'), ('Wifi', 'Wi-Fi 6 | MIMO | Dual-band'), ('GPS', 'iBeacon | GPS'), ('Bluetooth', 'v5.3'), ('Cổng kết nối/sạc', 'Type-C'), ('Jack tai nghe', 'Type-C')]; Tiện ích: [('Tính năng đặc biệt', 'Âm thanh Dolby Atmos | Trung tâm màn hình | Mở khóa bằng vân tay Touch ID | Kết nối bàn phím rời | Kết nối Apple Pencil 1 | HDR10 | Dolby Vision | Micro kép'), ('Ghi âm', 'Có')]; Pin & Sạc: [('Dung lượng pin', '28.93 Wh'), ('Loại pin', 'Li-Po'), ('Công nghệ pin', 'Sạc pin nhanh | Tiết kiệm pin'), ('Hỗ trợ sạc tối đa', '20 W'), ('Sạc kèm theo máy', '20 W')]; Thông tin chung: [('Chất liệu', 'Nhôm nguyên khối'), ('Kích thước, khối lượng', 'Dài 248.6 mm - Ngang 179.5 mm - Dày 7 mm - Nặng 477 g'), ('Thời điểm ra mắt', '03/2025'), ('Hãng', 'iPad (Apple). Xem thông tin hãng')]",https://cdnv2.tgdd.vn/mwg-static/tgdd/Products/Images/522/335308/ipad-11-a16-blue-1-638772856431636956-750x500.jpg; https://cdnv2.tgdd.vn/mwg-static/tgdd/Products/Images/522/335308/ipad-11-a16-blue-2-638772856437909099-750x500.jpg; https://cdnv2.tgdd.vn/mwg-static/tgdd/Products/Images/522/335308/ipad-11-a16-blue-3-638772856445234430-750x500.jpg; https://cdnv2.tgdd.vn/mwg-static/tgdd/Products/Images/522/335308/ipad-11-a16-blue-4-638772856422892713-750x500.jpg; https://cdnv2.tgdd.vn/mwg-static/tgdd/Products/Images/522/335308/ipad-11-a16-blue-5-638772856451409517-750x500.jpg,,9690000.0
Máy tính bảng iPad A16 5G 128GB,"Cấu hình: [('Công nghệ màn hình', 'Retina IPS LCD'), ('Độ phân giải', '1640 x 2360 Pixels'), ('Màn hình rộng', '11"" - Tần số quét 60 Hz')]; Hệ điều hành & CPU: [('Hệ điều hành', 'iPadOS 18'), ('Chip xử lý (CPU)', 'Apple A16 5 nhân'), ('Tốc độ CPU', 'Hãng không công bố'), ('Chip đồ hoạ (GPU)', 'Apple GPU 4 nhân')]; Bộ nhớ & Lưu trữ: [('RAM', '6 GB'), ('Dung lượng lưu trữ', '128 GB'), ('Dung lượng còn lại (khả dụng) khoảng', '113 GB')]; Camera sau: [('Độ phân giải', '12 MP'), ('Quay phim', '4K 2160p@30fps | HD 720p@60fps | HD 720p@30fps | FullHD 1080p@60fps | FullHD 1080p@30fps | FullHD 1080p@25fps | FullHD 1080p@240fps | FullHD 1080p@120fps | 4K 2160p@60fps | 4K 2160p@25fps | 4K 2160p@24fps'), ('Tính năng', 'Zoom kỹ thuật số | Tua nhanh thời gian (Time‑lapse) | Toàn cảnh (Panorama) | Smart HDR 4 | Quay chậm (Slow Motion) | Gắn thẻ địa lý | Chế độ điện ảnh | Tự động lấy nét')]; Camera trước: [('Độ phân giải', '12 MP'), ('Tính năng', 'Trôi nhanh thời gian (Time Lapse) | Quay video HD | Quay video Full HD | Góc siêu rộng | Flash Retina | Chế độ điện ảnh')]; Kết nối: [('Mạng di động', '5G'), ('SIM', 'eSIM'), ('Thực hiện cuộc gọi', 'Nghe gọi qua FaceTime'), ('Wifi', 'Wi-Fi 6 | MIMO | Dual-band'), ('GPS', 'iBeacon | GPS'), ('Bluetooth', 'v5.3'), ('Cổng kết nối/sạc', 'Type-C'), ('Jack tai nghe', 'Type-C')]; Tiện ích: [('Tính năng đặc biệt', 'Âm thanh Dolby Atmos | Trung tâm màn hình | Mở khóa bằng vân tay Touch ID | Kết nối bàn phím rời | Kết nối Apple Pencil 1 | HDR10 | Dolby Vision | Micro kép'), ('Ghi âm', 'Có')]; Pin & Sạc: [('Dung lượng pin', '28.93 Wh'), ('Loại pin', 'Li-Po'), ('Công nghệ pin', 'Sạc pin nhanh | Tiết kiệm pin'), ('Hỗ trợ sạc tối đa', '20 W'), ('Sạc kèm theo máy', '20 W')]; Thông tin chung: [('Chất liệu', 'Nhôm nguyên khối'), ('Kích thước, khối lượng', 'Dài 248.6 mm - Ngang 179.5 mm - Dày 7 mm - Nặng 481 g'), ('Thời điểm ra mắt', '03/2025'), ('Hãng', 'iPad (Apple). Xem thông tin hãng')]",https://cdnv2.tgdd.vn/mwg-static/tgdd/Products/Images/522/335311/ipad-11-a16-5g-silver-1-638772993259004800-750x500.jpg; https://cdnv2.tgdd.vn/mwg-static/tgdd/Products/Images/522/335311/ipad-11-a16-5g-silver-2-638772993265433123-750x500.jpg; https://cdnv2.tgdd.vn/mwg-static/tgdd/Products/Images/522/335311/ipad-11-a16-5g-silver-3-638772993273701364-750x500.jpg; https://cdnv2.tgdd.vn/mwg-static/tgdd/Products/Images/522/335311/ipad-11-a16-5g-silver-4-638772993280723126-750x500.jpg; https://cdnv2.tgdd.vn/mwg-static/tgdd/Products/Images/522/335311/ipad-11-a16-5g-silver-5-638772993286899257-750x500.jpg,,13590000.0
Máy tính bảng iPad Air M3 11 inch WiFi 128GB,"Cấu hình: [('Công nghệ màn hình', 'Retina IPS LCD'), ('Độ phân giải', '1640 x 2360 Pixels'), ('Màn hình rộng', '11"" - Tần số quét Hãng không công bố')]; Hệ điều hành & CPU: [('Hệ điều hành', 'iPadOS 18'), ('Chip xử lý (CPU)', 'Apple M3 8 nhân'), ('Tốc độ CPU', 'Hãng không công bố'), ('Chip đồ hoạ (GPU)', 'Apple GPU 9 nhân')]; Bộ nhớ & Lưu trữ: [('RAM', '8 GB'), ('Dung lượng lưu trữ', '128 GB'), ('Dung lượng còn lại (khả dụng) khoảng', '113 GB')]; Camera sau: [('Độ phân giải', '12 MP'), ('Quay phim', '4K 2160p@30fps | HD 720p@30fps | FullHD 1080p@60fps | FullHD 1080p@30fps | FullHD 1080p@25fps | FullHD 1080p@240fps | FullHD 1080p@120fps | 4K 2160p@60fps | 4K 2160p@25fps | 4K 2160p@24fps'), ('Tính năng', 'Zoom kỹ thuật số | Tua nhanh thời gian (Time‑lapse) | Toàn cảnh (Panorama) | Smart HDR 4 | Quay chậm (Slow Motion) | Live Photos | Gắn thẻ địa lý | Chụp ảnh hàng loạt | Chế độ điện ảnh | Tự động lấy nét')]; Camera trước: [('Độ phân giải', '12 MP'), ('Tính năng', 'Trôi nhanh thời gian (Time Lapse) | Smart HDR 4 | Quay video Full HD | Live Photos | Flash Retina | Chế độ điện ảnh')]; Kết nối: [('Thực hiện cuộc gọi', 'Nghe gọi qua FaceTime'), ('Wifi', 'Wi-Fi 6E | MIMO | Dual-band'), ('GPS', 'iBeacon | GPS'), ('Bluetooth', 'v5.3'), ('Cổng kết nối/sạc', 'Type-C'), ('Jack tai nghe', 'Type-C')]; Tiện ích: [('Tính năng đặc biệt', 'Âm thanh Dolby Atmos | Trung tâm màn hình | Mở khóa bằng vân tay Touch ID | Kết nối bàn phím rời | Kết nối Apple Pencil Pro | HDR10+ | HDR10 | Dolby Vision | DCI-P3 | Micro kép'), ('Ghi âm', 'Có')]; Pin & Sạc: [('Dung lượng pin', '28.93 Wh'), ('Loại pin', 'Li-Po'), ('Công nghệ pin', 'Sạc pin nhanh'), ('Hỗ trợ sạc tối đa', '20 W'), ('Sạc kèm theo máy', '20 W')]; Thông tin chung: [('Chất liệu', 'Nhôm nguyên khối'), ('Kích thước, khối lượng', 'Dài 247.6 mm - Ngang 178.5 mm - Dày 6.1 mm - Nặng 460 g'), ('Thời điểm ra mắt', '03/2025'), ('Hãng', 'iPad (Apple). Xem thông tin hãng')]",https://cdnv2.tgdd.vn/mwg-static/tgdd/Products/Images/522/335267/ipad-air-m3-11-inch-wifi-blue-1-638771976490685761-750x500.jpg; https://cdnv2.tgdd.vn/mwg-static/tgdd/Products/Images/522/335267/ipad-air-m3-11-inch-wifi-blue-2-638771976497318014-750x500.jpg; https://cdnv2.tgdd.vn/mwg-static/tgdd/Products/Images/522/335267/ipad-air-m3-11-inch-wifi-blue-3-638771976504741418-750x500.jpg; https://cdnv2.tgdd.vn/mwg-static/tgdd/Products/Images/522/335267/ipad-air-m3-11-inch-wifi-blue-4-638771976510464572-750x500.jpg; https://cdnv2.tgdd.vn/mwg-static/tgdd/Products/Images/522/335267/ipad-air-m3-11-inch-wifi-blue-5-638771976516944238-750x500.jpg; https://cdnv2.tgdd.vn/mwg-static/tgdd/Products/Images/522/335267/ipad-air-m3-11-inch-wifi-blue-6-638771976523671852-750x500.jpg,,16290000.0
Máy tính bảng iPad mini 7 WiFi 128GB,"Cấu hình: [('Công nghệ màn hình', 'LED-backlit IPS LCD'), ('Độ phân giải', '1488 x 2266 Pixels'), ('Màn hình rộng', '8.3"" - Tần số quét Hãng không công bố')]; Hệ điều hành & CPU: [('Hệ điều hành', 'iPadOS 18'), ('Chip xử lý (CPU)', 'Apple A17 Pro 6 nhân'), ('Tốc độ CPU', '3.78 GHz'), ('Chip đồ hoạ (GPU)', 'Apple GPU 5 nhân')]; Bộ nhớ & Lưu trữ: [('RAM', '8 GB'), ('Dung lượng lưu trữ', '128 GB'), ('Dung lượng còn lại (khả dụng) khoảng', '113 GB')]; Camera sau: [('Độ phân giải', '12 MP'), ('Quay phim', '4K 2160p@30fps | HD 720p@30fps | FullHD 1080p@60fps | FullHD 1080p@30fps | FullHD 1080p@25fps | FullHD 1080p@240fps | FullHD 1080p@120fps | 4K 2160p@60fps | 4K 2160p@25fps | 4K 2160p@24fps'), ('Tính năng', 'Zoom kỹ thuật số | Tua nhanh thời gian (Time‑lapse) | Toàn cảnh (Panorama) | Smart HDR 4 | Quay chậm (Slow Motion) | Live Photos | Gắn thẻ địa lý | Chụp ảnh hàng loạt | Chống rung EIS | Tự động lấy nét')]; Camera trước: [('Độ phân giải', '12 MP'), ('Tính năng', 'Trôi nhanh thời gian (Time Lapse) | Smart HDR 4 | Quay video Full HD | Live Photos | Chụp ảnh hàng loạt | Chống rung')]; Kết nối: [('Thực hiện cuộc gọi', 'Nghe gọi qua FaceTime'), ('Wifi', 'Wi-Fi 6E | MIMO | iBeacon | Dual-band'), ('GPS', 'GPS | GLONASS'), ('Bluetooth', 'v5.3'), ('Cổng kết nối/sạc', 'Type-C')]; Tiện ích: [('Tính năng đặc biệt', 'Âm thanh Dolby Atmos | Trung tâm màn hình | Mở khóa bằng vân tay Touch ID | Kết nối bàn phím rời | Kết nối Apple Pencil Pro | Kết nối Apple Pencil (USB-C) | Hỗ trợ Apple Intelligence | HDR10+ | HDR10 | Dolby Vision | DCI-P3 | 4 loa stereo'), ('Ghi âm', 'Có')]; Pin & Sạc: [('Dung lượng pin', '19.3 Wh'), ('Loại pin', 'Li-Po'), ('Công nghệ pin', 'Sạc pin nhanh | Tiết kiệm pin'), ('Hỗ trợ sạc tối đa', '20 W'), ('Sạc kèm theo máy', '20 W')]; Thông tin chung: [('Chất liệu', 'Nhôm nguyên khối'), ('Kích thước, khối lượng', 'Dài 195.4 mm - Ngang 134.8 mm - Dày 6.3 mm - Nặng 293 g'), ('Thời điểm ra mắt', '10/2024'), ('Hãng', 'iPad (Apple). Xem thông tin hãng')]",https://cdnv2.tgdd.vn/mwg-static/tgdd/Products/Images/522/331229/ipad-mini-7-wifi-purple-1-638651174600667416-750x500.jpg; https://cdnv2.tgdd.vn/mwg-static/tgdd/Products/Images/522/331229/ipad-mini-7-wifi-purple-2-638651174612580000-750x500.jpg; https://cdnv2.tgdd.vn/mwg-static/tgdd/Products/Images/522/331229/ipad-mini-7-wifi-purple-3-638651174619400915-750x500.jpg; https://cdnv2.tgdd.vn/mwg-static/tgdd/Products/Images/522/331229/ipad-mini-7-wifi-purple-4-638651174626053692-750x500.jpg; https://cdnv2.tgdd.vn/mwg-static/tgdd/Products/Images/522/331229/ipad-mini-7-wifi-purple-5-638651174631426966-750x500.jpg; https://cdnv2.tgdd.vn/mwg-static/tgdd/Products/Images/522/331229/ipad-mini-7-wifi-purple-6-638651174637220630-750x500.jpg,,13590000.0
Máy tính bảng iPad Air M3 13 inch WiFi 128GB,"Cấu hình: [('Công nghệ màn hình', 'Retina IPS LCD'), ('Độ phân giải', '2048 x 2732 Pixels'), ('Màn hình rộng', '13"" - Tần số quét Hãng không công bố')]; Hệ điều hành & CPU: [('Hệ điều hành', 'iPadOS 18'), ('Chip xử lý (CPU)', 'Apple M3 8 nhân'), ('Tốc độ CPU', 'Hãng không công bố'), ('Chip đồ hoạ (GPU)', 'Apple GPU 9 nhân')]; Bộ nhớ & Lưu trữ: [('RAM', '8 GB'), ('Dung lượng lưu trữ', '128 GB'), ('Dung lượng còn lại (khả dụng) khoảng', '113 GB')]; Camera sau: [('Độ phân giải', '12 MP'), ('Quay phim', '4K 2160p@30fps | HD 720p@30fps | FullHD 1080p@60fps | FullHD 1080p@30fps | FullHD 1080p@25fps | FullHD 1080p@240fps | FullHD 1080p@120fps | 4K 2160p@60fps | 4K 2160p@25fps | 4K 2160p@24fps'), ('Tính năng', 'Zoom kỹ thuật số | Tua nhanh thời gian (Time‑lapse) | Toàn cảnh (Panorama) | Smart HDR 4 | Quay chậm (Slow Motion) | Live Photos | Gắn thẻ địa lý | Chụp ảnh hàng loạt | Chế độ điện ảnh | Tự động lấy nét')]; Camera trước: [('Độ phân giải', '12 MP'), ('Tính năng', 'Trôi nhanh thời gian (Time Lapse) | Smart HDR 4 | Quay video Full HD | Live Photos | Flash Retina | Chế độ điện ảnh')]; Kết nối: [('Thực hiện cuộc gọi', 'Nghe gọi qua FaceTime'), ('Wifi', 'Wi-Fi 6E | MIMO | Dual-band'), ('GPS', 'iBeacon | GPS'), ('Bluetooth', 'v5.3'), ('Cổng kết nối/sạc', 'Type-C'), ('Jack tai nghe', 'Type-C')]; Tiện ích: [('Tính năng đặc biệt', 'Âm thanh Dolby Atmos | Trung tâm màn hình | Mở khóa bằng vân tay Touch ID | Kết nối bàn phím rời | Kết nối Apple Pencil Pro | HDR10+ | HDR10 | Dolby Vision | DCI-P3 | Micro kép'), ('Ghi âm', 'Có')]; Pin & Sạc: [('Dung lượng pin', '36.59 Wh'), ('Loại pin', 'Li-Po'), ('Công nghệ pin', 'Sạc pin nhanh'), ('Hỗ trợ sạc tối đa', '20 W'), ('Sạc kèm theo máy', '20 W')]; Thông tin chung: [('Chất liệu', 'Nhôm nguyên khối'), ('Kích thước, khối lượng', 'Dài 280.6 mm - Ngang 214.9 mm - Dày 6.1 mm - Nặng 616 g'), ('Thời điểm ra mắt', '03/2025'), ('Hãng', 'iPad (Apple). Xem thông tin hãng')]",https://cdnv2.tgdd.vn/mwg-static/tgdd/Products/Images/522/335275/ipad-air-m3-13-inch-wifi-purple-1-638771995475654967-750x500.jpg; https://cdnv2.tgdd.vn/mwg-static/tgdd/Products/Images/522/335275/ipad-air-m3-13-inch-wifi-purple-2-638771995484589733-750x500.jpg; https://cdnv2.tgdd.vn/mwg-static/tgdd/Products/Images/522/335275/ipad-air-m3-13-inch-wifi-purple-3-638771995490474099-750x500.jpg; https://cdnv2.tgdd.vn/mwg-static/tgdd/Products/Images/522/335275/ipad-air-m3-13-inch-wifi-purple-4-638771995497961252-750x500.jpg; https://cdnv2.tgdd.vn/mwg-static/tgdd/Products/Images/522/335275/ipad-air-m3-13-inch-wifi-purple-5-638771995504748956-750x500.jpg; https://cdnv2.tgdd.vn/mwg-static/tgdd/Products/Images/522/335275/ipad-air-m3-13-inch-wifi-purple-6-638771995515267043-750x500.jpg,,21590000.0
Máy tính bảng iPad Pro M4 11 inch WiFi 256GB,"Cấu hình: [('Công nghệ màn hình', 'Ultra Retina XDR'), ('Độ phân giải', '1668 x 2420 Pixels'), ('Màn hình rộng', '11"" - Tần số quét 120 Hz')]; Hệ điều hành & CPU: [('Hệ điều hành', 'iPadOS 17'), ('Chip xử lý (CPU)', 'Apple M4 9 nhân'), ('Tốc độ CPU', 'Hãng không công bố'), ('Chip đồ hoạ (GPU)', 'Apple GPU 10 nhân')]; Bộ nhớ & Lưu trữ: [('RAM', '8 GB'), ('Dung lượng lưu trữ', '256 GB'), ('Dung lượng còn lại (khả dụng) khoảng', '241 GB')]; Camera sau: [('Độ phân giải', '12 MP'), ('Quay phim', '4K 2160p@30fps | HD 720p@30fps | FullHD 1080p@60fps | FullHD 1080p@30fps | FullHD 1080p@25fps | FullHD 1080p@240fps | FullHD 1080p@120fps | 4K 2160p@60fps | 4K 2160p@25fps | 4K 2160p@24fps'), ('Tính năng', 'Zoom kỹ thuật số | Xóa phông | Tua nhanh thời gian (Time‑lapse) | Toàn cảnh (Panorama) | Smart HDR 4 | Quay video ProRes | Quay chậm (Slow Motion) | Live Photos | Gắn thẻ địa lý | Góc rộng | Chụp ảnh hàng loạt | Tự động lấy nét')]; Camera trước: [('Độ phân giải', '12 MP'), ('Tính năng', 'Trôi nhanh thời gian (Time Lapse) | Xóa phông | Smart HDR 4 | Quay video Full HD | Live Photos | Góc siêu rộng | Flash màn hình | Chụp ảnh hàng loạt')]; Kết nối: [('Thực hiện cuộc gọi', 'Nghe gọi qua FaceTime'), ('Wifi', 'Wi-Fi 6E | MIMO | Dual-band'), ('GPS', 'iBeacon | GPS'), ('Bluetooth', 'v5.3'), ('Cổng kết nối/sạc', 'Type-C'), ('Jack tai nghe', 'Type-C')]; Tiện ích: [('Tính năng đặc biệt', 'Âm thanh Dolby Atmos | Trung tâm màn hình | Nam châm & sạc cho Apple Pencil Pro | Mở khóa bằng khuôn mặt (Face ID) | Kết nối bàn phím rời | Kết nối Apple Pencil Pro | HDR10 | Dolby Vision | DCI-P3 | Công nghệ True Tone | 4 micro | 4 loa stereo'), ('Ghi âm', 'Có')]; Pin & Sạc: [('Dung lượng pin', '31.29 Wh'), ('Loại pin', 'Li-Po'), ('Công nghệ pin', 'Sạc pin nhanh'), ('Hỗ trợ sạc tối đa', '20 W'), ('Sạc kèm theo máy', '20 W')]; Thông tin chung: [('Chất liệu', 'Nhôm nguyên khối'), ('Kích thước, khối lượng', 'Dài 249.7 mm - Ngang 177.5 mm - Dày 5.3 mm - Nặng 444 g'), ('Thời điểm ra mắt', '05/2024'), ('Hãng', 'iPad (Apple). Xem thông tin hãng')]",https://cdn.tgdd.vn/Products/Images/522/325513/ipad-pro-11-inch-m4-wifi-black-1-750x500.jpg; https://cdn.tgdd.vn/Products/Images/522/325513/ipad-pro-11-inch-m4-wifi-black-2-750x500.jpg; https://cdn.tgdd.vn/Products/Images/522/325513/ipad-pro-11-inch-m4-wifi-black-3-750x500.jpg; https://cdn.tgdd.vn/Products/Images/522/325513/ipad-pro-m4-11-inch-wifi-256gb-tem-99-750x500.jpg,,26890000.0
Máy tính bảng iPad Pro M4 13 inch WiFi 256GB,"Cấu hình: [('Công nghệ màn hình', 'Ultra Retina XDR'), ('Độ phân giải', '2064 x 2752 Pixels'), ('Màn hình rộng', '13"" - Tần số quét 120 Hz')]; Hệ điều hành & CPU: [('Hệ điều hành', 'iPadOS 17'), ('Chip xử lý (CPU)', 'Apple M4 9 nhân'), ('Tốc độ CPU', 'Hãng không công bố'), ('Chip đồ hoạ (GPU)', 'Apple GPU 10 nhân')]; Bộ nhớ & Lưu trữ: [('RAM', '8 GB'), ('Dung lượng lưu trữ', '256 GB'), ('Dung lượng còn lại (khả dụng) khoảng', '241 GB')]; Camera sau: [('Độ phân giải', '12 MP'), ('Quay phim', '4K 2160p@30fps | HD 720p@30fps | FullHD 1080p@60fps | FullHD 1080p@30fps | FullHD 1080p@25fps | FullHD 1080p@240fps | FullHD 1080p@120fps | 4K 2160p@60fps | 4K 2160p@25fps | 4K 2160p@24fps'), ('Tính năng', 'Zoom kỹ thuật số | Xóa phông | Tua nhanh thời gian (Time‑lapse) | Toàn cảnh (Panorama) | Smart HDR 4 | Quay video ProRes | Quay chậm (Slow Motion) | Live Photos | Gắn thẻ địa lý | Góc rộng | Chụp ảnh hàng loạt | Tự động lấy nét')]; Camera trước: [('Độ phân giải', '12 MP'), ('Tính năng', 'Trôi nhanh thời gian (Time Lapse) | Xóa phông | Smart HDR 4 | Quay video Full HD | Live Photos | Góc siêu rộng | Flash màn hình | Chụp ảnh hàng loạt')]; Kết nối: [('Thực hiện cuộc gọi', 'Nghe gọi qua FaceTime'), ('Wifi', 'Wi-Fi 6E | MIMO | Dual-band'), ('GPS', 'iBeacon | GPS'), ('Bluetooth', 'v5.3'), ('Cổng kết nối/sạc', 'Type-C'), ('Jack tai nghe', 'Type-C')]; Tiện ích: [('Tính năng đặc biệt', 'Âm thanh Dolby Atmos | Trung tâm màn hình | Nam châm & sạc cho Apple Pencil | Mở khóa bằng khuôn mặt (Face ID) | Kết nối bàn phím rời | Kết nối Apple Pencil Pro | HDR10 | Dolby Vision | DCI-P3 | Công nghệ True Tone | 4 micro | 4 loa stereo'), ('Ghi âm', 'Có')]; Pin & Sạc: [('Dung lượng pin', '38.99 Wh'), ('Loại pin', 'Li-Po'), ('Công nghệ pin', 'Sạc pin nhanh'), ('Hỗ trợ sạc tối đa', '20 W'), ('Sạc kèm theo máy', '20 W')]; Thông tin chung: [('Chất liệu', 'Nhôm nguyên khối'), ('Kích thước, khối lượng', 'Dài 281.6 mm - Ngang 215.5 mm - Dày 5.1 mm - Nặng 579 g'), ('Thời điểm ra mắt', '05/2024'), ('Hãng', 'iPad (Apple). Xem thông tin hãng')]",https://cdn.tgdd.vn/Products/Images/522/325517/ipad-pro-13-inch-m4-wifi-black-1-750x500.jpg; https://cdn.tgdd.vn/Products/Images/522/325517/ipad-pro-13-inch-m4-wifi-black-2-750x500.jpg; https://cdn.tgdd.vn/Products/Images/522/325517/ipad-pro-13-inch-m4-wifi-black-3-750x500.jpg; https://cdn.tgdd.vn/Products/Images/522/325517/ipad-pro-m4-13-inch-wifi-256gb-tem-99-750x500.jpg,,36090000.0
Máy tính bảng iPad mini 7 5G 128GB,"Cấu hình: [('Công nghệ màn hình', 'LED-backlit IPS LCD'), ('Độ phân giải', '1488 x 2266 Pixels'), ('Màn hình rộng', '8.3"" - Tần số quét Hãng không công bố')]; Hệ điều hành & CPU: [('Hệ điều hành', 'iPadOS 18'), ('Chip xử lý (CPU)', 'Apple A17 Pro 6 nhân'), ('Tốc độ CPU', '3.78 GHz'), ('Chip đồ hoạ (GPU)', 'Apple GPU 5 nhân')]; Bộ nhớ & Lưu trữ: [('RAM', '8 GB'), ('Dung lượng lưu trữ', '128 GB'), ('Dung lượng còn lại (khả dụng) khoảng', '113 GB')]; Camera sau: [('Độ phân giải', '12 MP'), ('Quay phim', '4K 2160p@30fps | HD 720p@30fps | FullHD 1080p@60fps | FullHD 1080p@30fps | FullHD 1080p@25fps | FullHD 1080p@240fps | FullHD 1080p@120fps | 4K 2160p@60fps | 4K 2160p@25fps | 4K 2160p@24fps'), ('Tính năng', 'Zoom kỹ thuật số | Tua nhanh thời gian (Time‑lapse) | Toàn cảnh (Panorama) | Smart HDR 4 | Quay chậm (Slow Motion) | Live Photos | Gắn thẻ địa lý | Chụp ảnh hàng loạt | Chống rung EIS | Tự động lấy nét')]; Camera trước: [('Độ phân giải', '12 MP'), ('Tính năng', 'Trôi nhanh thời gian (Time Lapse) | Smart HDR 4 | Quay video Full HD | Live Photos | Chụp ảnh hàng loạt | Chống rung')]; Kết nối: [('Mạng di động', '5G'), ('SIM', 'eSIM'), ('Thực hiện cuộc gọi', 'Nghe gọi qua FaceTime'), ('Wifi', 'Wi-Fi 6E | MIMO | iBeacon | Dual-band'), ('GPS', 'GPS | GLONASS'), ('Bluetooth', 'v5.3'), ('Cổng kết nối/sạc', 'Type-C')]; Tiện ích: [('Tính năng đặc biệt', 'Âm thanh Dolby Atmos | Trung tâm màn hình | Mở khóa bằng vân tay Touch ID | Kết nối bàn phím rời | Kết nối Apple Pencil Pro | Kết nối Apple Pencil (USB-C) | Hỗ trợ Apple Intelligence | HDR10+ | HDR10 | Dolby Vision | DCI-P3 | 4 loa stereo'), ('Ghi âm', 'Có')]; Pin & Sạc: [('Dung lượng pin', '19.3 Wh'), ('Loại pin', 'Li-Po'), ('Công nghệ pin', 'Sạc pin nhanh | Tiết kiệm pin'), ('Hỗ trợ sạc tối đa', '20 W'), ('Sạc kèm theo máy', '20 W')]; Thông tin chung: [('Chất liệu', 'Nhôm nguyên khối'), ('Kích thước, khối lượng', 'Dài 195.4 mm - Ngang 134.8 mm - Dày 6.3 mm - Nặng 297 g'), ('Thời điểm ra mắt', '10/2024'), ('Hãng', 'iPad (Apple). Xem thông tin hãng')]",https://cdnv2.tgdd.vn/mwg-static/tgdd/Products/Images/522/331232/ipad-mini-7-5g-starlight-1-638651197289736038-750x500.jpg; https://cdnv2.tgdd.vn/mwg-static/tgdd/Products/Images/522/331232/ipad-mini-7-5g-starlight-2-638651197295522341-750x500.jpg; https://cdnv2.tgdd.vn/mwg-static/tgdd/Products/Images/522/331232/ipad-mini-7-5g-starlight-3-638651197300608549-750x500.jpg; https://cdnv2.tgdd.vn/mwg-static/tgdd/Products/Images/522/331232/ipad-mini-7-5g-starlight-4-638651197306684169-750x500.jpg; https://cdnv2.tgdd.vn/mwg-static/tgdd/Products/Images/522/331232/ipad-mini-7-5g-starlight-5-638651197316352266-750x500.jpg; https://cdnv2.tgdd.vn/mwg-static/tgdd/Products/Images/522/331232/ipad-mini-7-5g-starlight-6-638651197322125053-750x500.jpg,,17490000.0
Máy tính bảng iPad Air M3 13 inch 5G 128GB,"Cấu hình: [('Công nghệ màn hình', 'Retina IPS LCD'), ('Độ phân giải', '2048 x 2732 Pixels'), ('Màn hình rộng', '13"" - Tần số quét Hãng không công bố')]; Hệ điều hành & CPU: [('Hệ điều hành', 'iPadOS 18'), ('Chip xử lý (CPU)', 'Apple M3 8 nhân'), ('Tốc độ CPU', 'Hãng không công bố'), ('Chip đồ hoạ (GPU)', 'Apple GPU 9 nhân')]; Bộ nhớ & Lưu trữ: [('RAM', '8 GB'), ('Dung lượng lưu trữ', '128 GB'), ('Dung lượng còn lại (khả dụng) khoảng', '113 GB')]; Camera sau: [('Độ phân giải', '12 MP'), ('Quay phim', '4K 2160p@30fps | HD 720p@30fps | FullHD 1080p@60fps | FullHD 1080p@30fps | FullHD 1080p@25fps | FullHD 1080p@240fps | FullHD 1080p@120fps | 4K 2160p@60fps | 4K 2160p@25fps | 4K 2160p@24fps'), ('Tính năng', 'Zoom kỹ thuật số | Tua nhanh thời gian (Time‑lapse) | Toàn cảnh (Panorama) | Smart HDR 4 | Quay chậm (Slow Motion) | Live Photos | Gắn thẻ địa lý | Chụp ảnh hàng loạt | Chế độ điện ảnh | Tự động lấy nét')]; Camera trước: [('Độ phân giải', '12 MP'), ('Tính năng', 'Trôi nhanh thời gian (Time Lapse) | Smart HDR 4 | Quay video Full HD | Live Photos | Flash Retina | Chế độ điện ảnh')]; Kết nối: [('Mạng di động', '5G'), ('SIM', 'eSIM'), ('Thực hiện cuộc gọi', 'Nghe gọi qua FaceTime'), ('Wifi', 'Wi-Fi 6E | MIMO | Dual-band'), ('GPS', 'iBeacon | GPS'), ('Bluetooth', 'v5.3'), ('Cổng kết nối/sạc', 'Type-C'), ('Jack tai nghe', 'Type-C')]; Tiện ích: [('Tính năng đặc biệt', 'Âm thanh Dolby Atmos | Trung tâm màn hình | Mở khóa bằng vân tay Touch ID | Kết nối bàn phím rời | Kết nối Apple Pencil Pro | HDR10+ | HDR10 | Dolby Vision | DCI-P3 | Micro kép'), ('Ghi âm', 'Có')]; Pin & Sạc: [('Dung lượng pin', '36.59 Wh'), ('Loại pin', 'Li-Po'), ('Công nghệ pin', 'Sạc pin nhanh'), ('Hỗ trợ sạc tối đa', '20 W'), ('Sạc kèm theo máy', '20 W')]; Thông tin chung: [('Chất liệu', 'Nhôm nguyên khối'), ('Kích thước, khối lượng', 'Dài 280.6 mm - Ngang 214.9 mm - Dày 6.1 mm - Nặng 617 g'), ('Thời điểm ra mắt', '03/2025'), ('Hãng', 'iPad (Apple). Xem thông tin hãng')]",https://cdnv2.tgdd.vn/mwg-static/tgdd/Products/Images/522/335279/ipad-air-m3-13-inch-5g-purple-1-638772002398398923-750x500.jpg; https://cdnv2.tgdd.vn/mwg-static/tgdd/Products/Images/522/335279/ipad-air-m3-13-inch-5g-purple-2-638772002404520888-750x500.jpg; https://cdnv2.tgdd.vn/mwg-static/tgdd/Products/Images/522/335279/ipad-air-m3-13-inch-5g-purple-3-638772002410123122-750x500.jpg; https://cdnv2.tgdd.vn/mwg-static/tgdd/Products/Images/522/335279/ipad-air-m3-13-inch-5g-purple-4-638772002416480216-750x500.jpg; https://cdnv2.tgdd.vn/mwg-static/tgdd/Products/Images/522/335279/ipad-air-m3-13-inch-5g-purple-5-638772002423141913-750x500.jpg; https://cdnv2.tgdd.vn/mwg-static/tgdd/Products/Images/522/335279/ipad-air-m3-13-inch-5g-purple-6-638772002430366547-750x500.jpg,,24590000.0
Máy tính bảng iPad Pro M4 13 inch 5G 256GB,"Cấu hình: [('Công nghệ màn hình', 'Ultra Retina XDR'), ('Độ phân giải', '2064 x 2752 Pixels'), ('Màn hình rộng', '13"" - Tần số quét 120 Hz')]; Hệ điều hành & CPU: [('Hệ điều hành', 'iPadOS 17'), ('Chip xử lý (CPU)', 'Apple M4 9 nhân'), ('Tốc độ CPU', 'Hãng không công bố'), ('Chip đồ hoạ (GPU)', 'Apple GPU 10 nhân')]; Bộ nhớ & Lưu trữ: [('RAM', '8 GB'), ('Dung lượng lưu trữ', '256 GB'), ('Dung lượng còn lại (khả dụng) khoảng', '241 GB')]; Camera sau: [('Độ phân giải', '12 MP'), ('Quay phim', '4K 2160p@30fps | HD 720p@30fps | FullHD 1080p@60fps | FullHD 1080p@30fps | FullHD 1080p@25fps | FullHD 1080p@240fps | FullHD 1080p@120fps | 4K 2160p@60fps | 4K 2160p@25fps | 4K 2160p@24fps'), ('Tính năng', 'Zoom kỹ thuật số | Xóa phông | Tua nhanh thời gian (Time‑lapse) | Toàn cảnh (Panorama) | Smart HDR 4 | Quay video ProRes | Quay chậm (Slow Motion) | Live Photos | Gắn thẻ địa lý | Góc rộng | Chụp ảnh hàng loạt | Tự động lấy nét')]; Camera trước: [('Độ phân giải', '12 MP'), ('Tính năng', 'Trôi nhanh thời gian (Time Lapse) | Xóa phông | Smart HDR 4 | Quay video Full HD | Live Photos | Góc siêu rộng | Flash màn hình | Chụp ảnh hàng loạt')]; Kết nối: [('Mạng di động', '5G'), ('SIM', 'eSIM'), ('Thực hiện cuộc gọi', 'Nghe gọi qua FaceTime'), ('Wifi', 'Wi-Fi hotspot | Wi-Fi 6E | MIMO | Dual-band'), ('GPS', 'iBeacon | GPS'), ('Bluetooth', 'v5.3'), ('Cổng kết nối/sạc', 'Type-C'), ('Jack tai nghe', 'Type-C')]; Tiện ích: [('Tính năng đặc biệt', 'Âm thanh Dolby Atmos | Trung tâm màn hình | Nam châm & sạc cho Apple Pencil Pro | Mở khóa bằng khuôn mặt (Face ID) | Kết nối bàn phím rời | Kết nối Apple Pencil Pro | HDR10 | Dolby Vision | DCI-P3 | Công nghệ True Tone | 4 micro | 4 loa stereo'), ('Ghi âm', 'Có')]; Pin & Sạc: [('Dung lượng pin', '38.99 Wh'), ('Loại pin', 'Li-Po'), ('Công nghệ pin', 'Sạc pin nhanh'), ('Hỗ trợ sạc tối đa', '20 W'), ('Sạc kèm theo máy', '20 W')]; Thông tin chung: [('Chất liệu', 'Nhôm nguyên khối'), ('Kích thước, khối lượng', 'Dài 281.6 mm - Ngang 215.5 mm - Dày 5.1 mm - Nặng 582 g'), ('Thời điểm ra mắt', '05/2024'), ('Hãng', 'iPad (Apple). Xem thông tin hãng')]",https://cdn.tgdd.vn/Products/Images/522/325534/ipad-pro-13-inch-m4-lte-black-1-750x500.jpg; https://cdn.tgdd.vn/Products/Images/522/325534/ipad-pro-13-inch-m4-lte-black-2-750x500.jpg; https://cdn.tgdd.vn/Products/Images/522/325534/ipad-pro-13-inch-m4-lte-black-3-750x500.jpg; https://cdn.tgdd.vn/Products/Images/522/325534/ipad-pro-m4-13-inch-wifi-cellular-256gb-tem-99-750x500.jpg,,40590000.0
Máy tính bảng iPad Air 6 M2 11 inch 5G 1TB,"Cấu hình: [('Công nghệ màn hình', 'Retina IPS LCD'), ('Độ phân giải', '1640 x 2360 Pixels'), ('Màn hình rộng', '11"" - Tần số quét Hãng không công bố')]; Hệ điều hành & CPU: [('Hệ điều hành', 'iPadOS 17'), ('Chip xử lý (CPU)', 'Apple M2 8 nhân'), ('Tốc độ CPU', 'Hãng không công bố'), ('Chip đồ hoạ (GPU)', 'Apple GPU 9 nhân')]; Bộ nhớ & Lưu trữ: [('RAM', '8 GB'), ('Dung lượng lưu trữ', '1 TB'), ('Dung lượng còn lại (khả dụng) khoảng', '1009 GB')]; Camera sau: [('Độ phân giải', '12 MP'), ('Quay phim', '4K 2160p@30fps | HD 720p@30fps | FullHD 1080p@60fps | FullHD 1080p@30fps | FullHD 1080p@25fps | FullHD 1080p@240fps | FullHD 1080p@120fps | 4K 2160p@60fps | 4K 2160p@25fps | 4K 2160p@24fps'), ('Tính năng', 'Zoom kỹ thuật số | Tua nhanh thời gian (Time‑lapse) | Toàn cảnh (Panorama) | Smart HDR 4 | Quay chậm (Slow Motion) | Live Photos | Gắn thẻ địa lý | Góc rộng | Chụp ảnh hàng loạt | Tự động lấy nét')]; Camera trước: [('Độ phân giải', '12 MP'), ('Tính năng', 'Trôi nhanh thời gian (Time Lapse) | Smart HDR 4 | Quay video Full HD | Live Photos | Góc siêu rộng | Flash màn hình')]; Kết nối: [('Mạng di động', '5G'), ('SIM', 'eSIM'), ('Thực hiện cuộc gọi', 'Nghe gọi qua FaceTime'), ('Wifi', 'Wi-Fi hotspot | Wi-Fi 6E | MIMO | Dual-band'), ('GPS', 'iBeacon | GPS'), ('Bluetooth', 'v5.3'), ('Cổng kết nối/sạc', 'Type-C'), ('Jack tai nghe', 'Type-C')]; Tiện ích: [('Tính năng đặc biệt', 'Âm thanh Dolby Atmos | Trung tâm màn hình | Nam châm & sạc cho Apple Pencil Pro | Mở khóa bằng vân tay Touch ID | Kết nối bàn phím rời | Kết nối Apple Pencil Pro | HDR10 | Dolby Vision | DCI-P3 | Công nghệ True Tone | Micro kép'), ('Ghi âm', 'Có')]; Pin & Sạc: [('Dung lượng pin', '28.93 Wh'), ('Loại pin', 'Li-Po'), ('Công nghệ pin', 'Sạc pin nhanh'), ('Hỗ trợ sạc tối đa', '20 W'), ('Sạc kèm theo máy', '20 W')]; Thông tin chung: [('Chất liệu', 'Nhôm nguyên khối'), ('Kích thước, khối lượng', 'Dài 247.6 mm - Ngang 178.5 mm - Dày 6.1 mm - Nặng 462 g'), ('Thời điểm ra mắt', '05/2024'), ('Hãng', 'iPad (Apple). Xem thông tin hãng')]",https://cdn.tgdd.vn/Products/Images/522/325524/ipad-air-11-inch-m2-lte-purple-1-750x500.jpg; https://cdn.tgdd.vn/Products/Images/522/325524/ipad-air-11-inch-m2-lte-purple-2-750x500.jpg; https://cdn.tgdd.vn/Products/Images/522/325524/ipad-air-11-inch-m2-lte-purple-3-750x500.jpg; https://cdn.tgdd.vn/Products/Images/522/325524/ipad-air-m2-11-inch-wifi-cellular-1tb-tem-99-3-750x500.jpg,,28390000.0
Máy tính bảng iPad Air 6 M2 13 inch WiFi 256GB,"Cấu hình: [('Công nghệ màn hình', 'Retina IPS LCD'), ('Độ phân giải', '2048 x 2732 Pixels'), ('Màn hình rộng', '13"" - Tần số quét Hãng không công bố')]; Hệ điều hành & CPU: [('Hệ điều hành', 'iPadOS 17'), ('Chip xử lý (CPU)', 'Apple M2 8 nhân'), ('Tốc độ CPU', 'Hãng không công bố'), ('Chip đồ hoạ (GPU)', 'Apple GPU 9 nhân')]; Bộ nhớ & Lưu trữ: [('RAM', '8 GB'), ('Dung lượng lưu trữ', '256 GB'), ('Dung lượng còn lại (khả dụng) khoảng', '241 GB')]; Camera sau: [('Độ phân giải', '12 MP'), ('Quay phim', '4K 2160p@30fps | HD 720p@30fps | FullHD 1080p@60fps | FullHD 1080p@30fps | FullHD 1080p@25fps | FullHD 1080p@240fps | FullHD 1080p@120fps | 4K 2160p@60fps | 4K 2160p@25fps | 4K 2160p@24fps'), ('Tính năng', 'Zoom kỹ thuật số | Tua nhanh thời gian (Time‑lapse) | Toàn cảnh (Panorama) | Smart HDR 4 | Quay chậm (Slow Motion) | Live Photos | Gắn thẻ địa lý | Góc rộng | Chụp ảnh hàng loạt | Tự động lấy nét')]; Camera trước: [('Độ phân giải', '12 MP'), ('Tính năng', 'Trôi nhanh thời gian (Time Lapse) | Smart HDR 4 | Quay video Full HD | Live Photos | Góc siêu rộng | Flash màn hình')]; Kết nối: [('Thực hiện cuộc gọi', 'Nghe gọi qua FaceTime'), ('Wifi', 'Wi-Fi 6E | MIMO | Dual-band'), ('GPS', 'iBeacon | GPS'), ('Bluetooth', 'v5.3'), ('Cổng kết nối/sạc', 'Type-C'), ('Jack tai nghe', 'Type-C')]; Tiện ích: [('Tính năng đặc biệt', 'Âm thanh Dolby Atmos | Trung tâm màn hình | Nam châm & sạc cho Apple Pencil Pro | Mở khóa bằng vân tay Touch ID | Kết nối bàn phím rời | Kết nối Apple Pencil Pro | HDR10 | Dolby Vision | DCI-P3 | Công nghệ True Tone | Micro kép'), ('Ghi âm', 'Có')]; Pin & Sạc: [('Dung lượng pin', '36.59 Wh'), ('Loại pin', 'Li-Po'), ('Công nghệ pin', 'Sạc pin nhanh'), ('Hỗ trợ sạc tối đa', '20 W'), ('Sạc kèm theo máy', '20 W')]; Thông tin chung: [('Chất liệu', 'Nhôm nguyên khối'), ('Kích thước, khối lượng', 'Dài 280.6 mm - Ngang 214.9 mm - Dày 6.1 mm - Nặng 617 g'), ('Thời điểm ra mắt', '05/2024'), ('Hãng', 'iPad (Apple). Xem thông tin hãng')]",https://cdn.tgdd.vn/Products/Images/522/325507/ipad-air-13-inch-m2-wifi-kem-1-750x500.jpg; https://cdn.tgdd.vn/Products/Images/522/325507/ipad-air-13-inch-m2-wifi-kem-2-750x500.jpg; https://cdn.tgdd.vn/Products/Images/522/325507/ipad-air-13-inch-m2-wifi-kem-3-750x500.jpg; https://cdn.tgdd.vn/Products/Images/522/325507/ipad-air-m2-13-inch-wifi-256gb-tem-99-2-750x500.jpg,,21090000.0
Máy tính bảng OPPO Pad SE WiFi màn hình nhám 4GB/128GB,"Cấu hình: [('Công nghệ màn hình', 'IPS LCD'), ('Độ phân giải', '1200 x 2000 Pixels'), ('Màn hình rộng', '11.35"" - Tần số quét 90 Hz')]; Hệ điều hành & CPU: [('Hệ điều hành', 'Android 15'), ('Chip xử lý (CPU)', 'MediaTek Helio G100 8 nhân'), ('Tốc độ CPU', '2 nhân 2.2 GHz & 6 nhân 2 GHz'), ('Chip đồ hoạ (GPU)', 'Adreno 610')]; Bộ nhớ & Lưu trữ: [('RAM', '4 GB'), ('Dung lượng lưu trữ', '128 GB'), ('Dung lượng còn lại (khả dụng) khoảng', '103.8 GB')]; Camera sau: [('Độ phân giải', '5 MP'), ('Quay phim', 'HD 720p@30fps | FullHD 1080p@30fps'), ('Tính năng', 'Tua nhanh thời gian (Time‑lapse) | Toàn cảnh (Panorama) | Nhãn dán (AR Stickers) | Tự động lấy nét')]; Camera trước: [('Độ phân giải', '5 MP'), ('Tính năng', 'Trôi nhanh thời gian (Time Lapse) | Toàn cảnh (Panorama) | Quay video HD | Quay video Full HD | Nhãn dán (AR Stickers) | Làm đẹp | Flash màn hình')]; Kết nối: [('Wifi', 'Wi-Fi Display | Wi-Fi 802.11 a/b/g/n | Wi-Fi 5 | Dual-band'), ('Bluetooth', 'v5.0'), ('Cổng kết nối/sạc', 'Type-C'), ('Jack tai nghe', 'Type-C'), ('Kết nối khác', 'OTG')]; Tiện ích: [('Tính năng đặc biệt', 'Xoá vật thể AI | Xoá phản chiếu AI | Tăng cường độ nét AI | Tóm tắt tài liệu AI | Trợ lý viết AI | Trợ lý Google Gemini | Làm rõ ảnh mờ AI | Dịch văn bản AI | Âm thanh Hi-Res Audio | Mở khóa bằng khuôn mặt | Chế độ trẻ em'), ('Kháng nước, bụi', 'IPX2'), ('Ghi âm', 'Có')]; Pin & Sạc: [('Dung lượng pin', '9340 mAh'), ('Loại pin', 'Li-Po'), ('Công nghệ pin', 'SUPERVOOC | Tiết kiệm pin'), ('Hỗ trợ sạc tối đa', '33 W')]; Thông tin chung: [('Chất liệu', 'Khung nhựa & Mặt lưng hợp kim nhôm'), ('Kích thước, khối lượng', 'Dài 254.91 mm - Ngang 166.46 mm - Dày 7.39 mm - Nặng 527 g'), ('Thời điểm ra mắt', '07/2025'), ('Hãng', 'OPPO. Xem thông tin hãng')]",https://cdnv2.tgdd.vn/mwg-static/tgdd/Products/Images/522/339287/oppo-pad-se-nham-bac-1-638889655186313001-750x500.jpg; https://cdnv2.tgdd.vn/mwg-static/tgdd/Products/Images/522/339287/oppo-pad-se-nham-bac-2-638889655194489538-750x500.jpg; https://cdnv2.tgdd.vn/mwg-static/tgdd/Products/Images/522/339287/oppo-pad-se-nham-bac-3-638889655202340630-750x500.jpg; https://cdnv2.tgdd.vn/mwg-static/tgdd/Products/Images/522/339287/oppo-pad-se-nham-bac-4-638889655209739257-750x500.jpg; https://cdnv2.tgdd.vn/mwg-static/tgdd/Products/Images/522/339287/oppo-pad-se-nham-bac-5-638889655216025344-750x500.jpg; https://cdnv2.tgdd.vn/mwg-static/tgdd/Products/Images/522/339287/oppo-pad-se-nham-bac-6-638889655222238643-750x500.jpg,,5890000.0
Máy tính bảng OPPO Pad Neo WiFi 6GB/128GB,"Cấu hình: [('Công nghệ màn hình', 'IPS LCD'), ('Độ phân giải', '1720 x 2408 Pixels'), ('Màn hình rộng', '11.4"" - Tần số quét 90 Hz')]; Hệ điều hành & CPU: [('Hệ điều hành', 'Android 13'), ('Chip xử lý (CPU)', 'MediaTek Helio G99'), ('Tốc độ CPU', '2.2 GHz'), ('Chip đồ hoạ (GPU)', 'Mali-G57 MC2')]; Bộ nhớ & Lưu trữ: [('RAM', '6 GB'), ('Dung lượng lưu trữ', '128 GB'), ('Dung lượng còn lại (khả dụng) khoảng', '109 GB'), ('Thẻ nhớ ngoài', 'Micro SD, hỗ trợ tối đa 1 TB')]; Camera sau: [('Độ phân giải', '8 MP'), ('Quay phim', 'HD 720p@30fps | FullHD 1080p@30fps'), ('Tính năng', 'Bộ lọc màu | Zoom kỹ thuật số | Tua nhanh thời gian (Time‑lapse) | Toàn cảnh (Panorama) | Quét tài liệu | Quét mã QR | Nhãn dán (AR Stickers) | Làm đẹp | HDR | Chụp hẹn giờ | Chống rung EIS | Camera AI | Tự động lấy nét')]; Camera trước: [('Độ phân giải', '8 MP'), ('Tính năng', 'Trôi nhanh thời gian (Time Lapse) | Toàn cảnh (Panorama) | Xóa phông | Quay video HD | Quay video Full HD | Nhãn dán (AR Stickers) | Làm đẹp | Hẹn giờ chụp | HDR | Flash màn hình')]; Kết nối: [('Wifi', 'Wi-Fi Direct | Wi-Fi 802.11 a/b/g/n/ac | Dual-band'), ('GPS', 'GPS | GLONASS | GALILEO | BDS'), ('Bluetooth', 'v5.2 | LE | A2DP'), ('Cổng kết nối/sạc', 'Type-C'), ('Jack tai nghe', 'Type-C'), ('Kết nối khác', 'OTG')]; Tiện ích: [('Tính năng đặc biệt', 'Ứng dụng kép (Nhân bản ứng dụng) | Đa cửa sổ | Âm thanh Hi-Res Audio | Âm thanh Dolby Atmos | Trợ lý ảo Google | Thanh bên thông minh | Mở khóa bằng khuôn mặt | Khoá ứng dụng | Chạm 2 lần tắt/mở màn hình | 4 loa'), ('Ghi âm', 'Có')]; Pin & Sạc: [('Dung lượng pin', '8000 mAh'), ('Loại pin', 'Li-Po'), ('Công nghệ pin', 'SUPERVOOC | Siêu tiết kiệm pin | Tiết kiệm pin'), ('Hỗ trợ sạc tối đa', '33 W'), ('Sạc kèm theo máy', '33 W')]; Thông tin chung: [('Chất liệu', 'Khung kim loại & Mặt lưng kính, nhôm'), ('Kích thước, khối lượng', 'Dài 255.12 mm - Ngang 188.04 mm - Dày 6.89 mm - Nặng 538 g'), ('Thời điểm ra mắt', '01/2024'), ('Hãng', 'OPPO. Xem thông tin hãng')]",https://cdn.tgdd.vn/Products/Images/522/322613/oppo-pad-neo-xam-1-750x500.jpg; https://cdn.tgdd.vn/Products/Images/522/322613/oppo-pad-neo-xam-2-750x500.jpg; https://cdn.tgdd.vn/Products/Images/522/322613/oppo-pad-neo-xam-3-750x500.jpg; https://cdn.tgdd.vn/Products/Images/522/322613/oppo-pad-neo-xam-4-750x500.jpg; https://cdn.tgdd.vn/Products/Images/522/322613/oppo-pad-neo-xam-5-750x500.jpg,,6570000.0
Máy tính bảng OPPO Pad 3 8GB/256GB,"Cấu hình: [('Công nghệ màn hình', 'LTPS LCD'), ('Độ phân giải', '2000 x 2800 Pixels'), ('Màn hình rộng', '11.61"" - Tần số quét 144 Hz')]; Hệ điều hành & CPU: [('Hệ điều hành', 'Android 15'), ('Chip xử lý (CPU)', 'MediaTek Dimensity 8350 8 nhân'), ('Tốc độ CPU', '3.35 GHz'), ('Chip đồ hoạ (GPU)', 'Mali-G615 MC6')]; Bộ nhớ & Lưu trữ: [('RAM', '8 GB'), ('Dung lượng lưu trữ', '256 GB'), ('Dung lượng còn lại (khả dụng) khoảng', '230 GB')]; Camera sau: [('Độ phân giải', '8 MP'), ('Quay phim', '4K 2160p@30fps | FullHD 1080p@30fps'), ('Tính năng', 'Zoom kỹ thuật số | Xóa phông | Tua nhanh thời gian (Time‑lapse) | Toàn cảnh (Panorama) | Quét tài liệu | Nhãn dán (AR Stickers) | Làm đẹp')]; Camera trước: [('Độ phân giải', '8 MP'), ('Tính năng', 'Trôi nhanh thời gian (Time Lapse) | Toàn cảnh (Panorama) | Nhãn dán (AR Stickers)')]; Kết nối: [('Wifi', 'Wi-Fi 6 | Wi-Fi 5 | Dual-band | 6 GHz'), ('Bluetooth', 'v5.4'), ('Cổng kết nối/sạc', 'Type-C'), ('Jack tai nghe', 'Type-C'), ('Kết nối khác', 'OTG')]; Tiện ích: [('Tính năng đặc biệt', 'Mở khóa bằng khuôn mặt | Cửa sổ nổi | Chạm 2 lần tắt/mở màn hình | Chia đôi màn hình'), ('Kháng nước, bụi', 'IPX2')]; Pin & Sạc: [('Dung lượng pin', '9520 mAh'), ('Loại pin', 'Li-Po'), ('Công nghệ pin', 'SUPERVOOC | Tiết kiệm pin'), ('Hỗ trợ sạc tối đa', '67 W')]; Thông tin chung: [('Chất liệu', 'Kim loại nguyên khối'), ('Kích thước, khối lượng', 'Dài 257.75 mm - Ngang 189.11 mm - Dày 6.29 mm - Nặng 536 g'), ('Thời điểm ra mắt', '01/2025'), ('Hãng', 'OPPO. Xem thông tin hãng')]",https://cdnv2.tgdd.vn/mwg-static/tgdd/Products/Images/522/333917/oppo-pad-3-bac-1-638752291535045860-750x500.jpg; https://cdnv2.tgdd.vn/mwg-static/tgdd/Products/Images/522/333917/oppo-pad-3-bac-2-638752291541808770-750x500.jpg; https://cdnv2.tgdd.vn/mwg-static/tgdd/Products/Images/522/333917/oppo-pad-3-bac-3-638752291548090186-750x500.jpg; https://cdnv2.tgdd.vn/mwg-static/tgdd/Products/Images/522/333917/oppo-pad-3-bac-4-638752291553445509-750x500.jpg; https://cdnv2.tgdd.vn/mwg-static/tgdd/Products/Images/522/333917/oppo-pad-3-bac-5-638752291561912238-750x500.jpg,,10680000.0
Máy tính bảng OPPO Pad 3 Pro 12GB/256GB,"Cấu hình: [('Công nghệ màn hình', 'LTPS LCD'), ('Độ phân giải', '2120 x 3000 Pixels'), ('Màn hình rộng', '12.1"" - Tần số quét 144 Hz')]; Hệ điều hành & CPU: [('Hệ điều hành', 'Android 14'), ('Chip xử lý (CPU)', 'Snapdragon 8 Gen 3 8 nhân'), ('Tốc độ CPU', '3.4 GHz'), ('Chip đồ hoạ (GPU)', 'Adreno 750')]; Bộ nhớ & Lưu trữ: [('RAM', '12 GB'), ('Dung lượng lưu trữ', '256 GB'), ('Dung lượng còn lại (khả dụng) khoảng', '230 GB')]; Camera sau: [('Độ phân giải', '13 MP'), ('Quay phim', 'HD 720p@30fps | FullHD 1080p@30fps | 4K 2160p@30fps'), ('Tính năng', 'Ánh sáng yếu (Chụp đêm) | Zoom kỹ thuật số | Tua nhanh thời gian (Time‑lapse) | Toàn cảnh (Panorama) | Quét tài liệu | Nhãn dán (AR Stickers) | Làm đẹp | Chống rung EIS')]; Camera trước: [('Độ phân giải', '8 MP'), ('Tính năng', 'Trôi nhanh thời gian (Time Lapse) | Toàn cảnh (Panorama) | Xóa phông | Quay video HD | Quay video Full HD | Nhãn dán (AR Stickers) | Làm đẹp')]; Kết nối: [('Wifi', 'Wi-Fi 802.11 a/b/g/n | Wi-Fi 7 | Wi-Fi 6 | Wi-Fi 5 | Dual-band | 6 GHz'), ('Bluetooth', 'v5.4'), ('Cổng kết nối/sạc', 'Type-C'), ('Jack tai nghe', 'Type-C'), ('Kết nối khác', 'OTG')]; Tiện ích: [('Tính năng đặc biệt', 'Âm thanh Hi-Res Audio | Thanh bên thông minh | Mở khóa bằng khuôn mặt | Dolby Vision | DCI-P3 | Chạm 2 lần tắt/mở màn hình | Chia đôi màn hình | 8 loa'), ('Kháng nước, bụi', 'IPX2')]; Pin & Sạc: [('Dung lượng pin', '9510 mAh'), ('Loại pin', 'Li-Po'), ('Công nghệ pin', 'SUPERVOOC | Tiết kiệm pin'), ('Hỗ trợ sạc tối đa', '67 W')]; Thông tin chung: [('Chất liệu', 'Kim loại nguyên khối'), ('Kích thước, khối lượng', 'Dài 268.66 mm - Ngang 195.06 mm - Dày 6.49 mm - Nặng 586 g'), ('Thời điểm ra mắt', '12/2024'), ('Hãng', 'OPPO. Xem thông tin hãng')]",https://cdnv2.tgdd.vn/mwg-static/tgdd/Products/Images/522/332555/oppo-pad-3-pro-1-638696204249303590-750x500.jpg; https://cdnv2.tgdd.vn/mwg-static/tgdd/Products/Images/522/332555/oppo-pad-3-pro-2-638696204256271529-750x500.jpg; https://cdnv2.tgdd.vn/mwg-static/tgdd/Products/Images/522/332555/oppo-pad-3-pro-3-638696204266102276-750x500.jpg; https://cdnv2.tgdd.vn/mwg-static/tgdd/Products/Images/522/332555/oppo-pad-3-pro-4-638696204273858089-750x500.jpg; https://cdnv2.tgdd.vn/mwg-static/tgdd/Products/Images/522/332555/oppo-pad-3-pro-5-638696204282163006-750x500.jpg,,15590000.0
Máy tính bảng OPPO Pad SE WiFi 4GB/128GB,"Cấu hình: [('Công nghệ màn hình', 'IPS LCD'), ('Độ phân giải', '1200 x 2000 Pixels'), ('Màn hình rộng', '11.35"" - Tần số quét 90 Hz')]; Hệ điều hành & CPU: [('Hệ điều hành', 'Android 15'), ('Chip xử lý (CPU)', 'MediaTek Helio G100 8 nhân'), ('Tốc độ CPU', '2 nhân 2.2 GHz & 6 nhân 2 GHz'), ('Chip đồ hoạ (GPU)', 'Mali-G57 MC2')]; Bộ nhớ & Lưu trữ: [('RAM', '4 GB'), ('Dung lượng lưu trữ', '128 GB'), ('Dung lượng còn lại (khả dụng) khoảng', '103.8 GB')]; Camera sau: [('Độ phân giải', '5 MP'), ('Quay phim', 'HD 720p@30fps | FullHD 1080p@30fps'), ('Tính năng', 'Tua nhanh thời gian (Time‑lapse) | Toàn cảnh (Panorama) | Nhãn dán (AR Stickers) | Tự động lấy nét')]; Camera trước: [('Độ phân giải', '5 MP'), ('Tính năng', 'Trôi nhanh thời gian (Time Lapse) | Toàn cảnh (Panorama) | Quay video HD | Quay video Full HD | Nhãn dán (AR Stickers) | Làm đẹp | Flash màn hình')]; Kết nối: [('Wifi', 'Wi-Fi Display | Wi-Fi 802.11 a/b/g/n | Wi-Fi 5 | Dual-band'), ('Bluetooth', 'v5.0'), ('Cổng kết nối/sạc', 'Type-C'), ('Jack tai nghe', 'Type-C'), ('Kết nối khác', 'OTG')]; Tiện ích: [('Tính năng đặc biệt', 'Xoá vật thể AI | Xoá phản chiếu AI | Tăng cường độ nét AI | Tóm tắt tài liệu AI | Trợ lý viết AI | Trợ lý Google Gemini | Làm rõ ảnh mờ AI | Dịch văn bản AI | Âm thanh Hi-Res Audio | Mở khóa bằng khuôn mặt | Chế độ trẻ em'), ('Kháng nước, bụi', 'IPX2'), ('Ghi âm', 'Có')]; Pin & Sạc: [('Dung lượng pin', '9340 mAh'), ('Loại pin', 'Li-Po'), ('Công nghệ pin', 'SUPERVOOC | Tiết kiệm pin'), ('Hỗ trợ sạc tối đa', '33 W')]; Thông tin chung: [('Chất liệu', 'Khung nhựa & Mặt lưng hợp kim nhôm'), ('Kích thước, khối lượng', 'Dài 254.91 mm - Ngang 166.46 mm - Dày 7.39 mm - Nặng 530 g'), ('Thời điểm ra mắt', '07/2025'), ('Hãng', 'OPPO. Xem thông tin hãng')]",https://cdnv2.tgdd.vn/mwg-static/tgdd/Products/Images/522/339285/oppo-pad-se-xanh-1-638889640017027283-750x500.jpg; https://cdnv2.tgdd.vn/mwg-static/tgdd/Products/Images/522/339285/oppo-pad-se-xanh-2-638889640023412908-750x500.jpg; https://cdnv2.tgdd.vn/mwg-static/tgdd/Products/Images/522/339285/oppo-pad-se-xanh-3-638889640029868213-750x500.jpg; https://cdnv2.tgdd.vn/mwg-static/tgdd/Products/Images/522/339285/oppo-pad-se-xanh-4-638889640036738493-750x500.jpg; https://cdnv2.tgdd.vn/mwg-static/tgdd/Products/Images/522/339285/oppo-pad-se-xanh-5-638889640043671795-750x500.jpg; https://cdnv2.tgdd.vn/mwg-static/tgdd/Products/Images/522/339285/oppo-pad-se-xanh-6-638889640049703595-750x500.jpg,,5400000.0
Máy tính bảng Lenovo Tab M11 4G 4GB/128GB,"Cấu hình: [('Công nghệ màn hình', 'IPS LCD'), ('Độ phân giải', '1200 x 1920 Pixels'), ('Màn hình rộng', '10.95"" - Tần số quét 90 Hz')]; Hệ điều hành & CPU: [('Hệ điều hành', 'Android 13'), ('Chip xử lý (CPU)', 'MediaTek Helio G88 8 nhân'), ('Tốc độ CPU', '2 nhân 2.0 GHz & 6 nhân 1.8 GHz'), ('Chip đồ hoạ (GPU)', 'Mali-G52 MC2')]; Bộ nhớ & Lưu trữ: [('RAM', '4 GB'), ('Dung lượng lưu trữ', '128 GB'), ('Dung lượng còn lại (khả dụng) khoảng', '113 GB'), ('Thẻ nhớ ngoài', 'Micro SD, hỗ trợ tối đa 1 TB')]; Camera sau: [('Độ phân giải', '8 MP'), ('Tính năng', 'Bộ lọc màu | Xóa phông | Quét tài liệu | Làm đẹp | Google Lens')]; Camera trước: [('Độ phân giải', '8 MP'), ('Tính năng', 'Xóa phông | Làm đẹp | Bộ lọc màu')]; Kết nối: [('Mạng di động', 'Hỗ trợ 4G'), ('SIM', '1 Nano SIM'), ('Thực hiện cuộc gọi', 'Có nghe gọi'), ('Wifi', 'Wi-Fi 802.11 a/b/g/n/ac | Dual-band'), ('GPS', 'GPS | GLONASS | GALILEO'), ('Bluetooth', 'v5.1'), ('Cổng kết nối/sạc', 'Type-C'), ('Jack tai nghe', '3.5 mm')]; Tiện ích: [('Tính năng đặc biệt', 'Âm thanh Dolby Atmos | Chia đôi màn hình | 4 loa | Google Kids Space'), ('Kháng nước, bụi', 'IP52'), ('Ghi âm', 'Có')]; Pin & Sạc: [('Dung lượng pin', '7040 mAh'), ('Loại pin', 'Li-Ion'), ('Công nghệ pin', 'Tiết kiệm pin'), ('Hỗ trợ sạc tối đa', '10 W'), ('Sạc kèm theo máy', '10 W')]; Thông tin chung: [('Chất liệu', 'Kim loại nguyên khối'), ('Kích thước, khối lượng', 'Dài 255.26 mm - Ngang 166.31 mm - Dày 7.15 mm - Nặng 465 g'), ('Thời điểm ra mắt', '06/2024'), ('Hãng', 'Lenovo. Xem thông tin hãng')]",https://cdnv2.tgdd.vn/mwg-static/tgdd/Products/Images/522/326644/lenovo-tab-m11-1-638604541591522590-750x500.jpg; https://cdnv2.tgdd.vn/mwg-static/tgdd/Products/Images/522/326644/lenovo-tab-m11-2-638604541597828459-750x500.jpg; https://cdnv2.tgdd.vn/mwg-static/tgdd/Products/Images/522/326644/lenovo-tab-m11-3-638604541605025698-750x500.jpg; https://cdnv2.tgdd.vn/mwg-static/tgdd/Products/Images/522/326644/lenovo-tab-m11-4-638604541609949199-750x500.jpg; https://cdnv2.tgdd.vn/mwg-static/tgdd/Products/Images/522/326644/lenovo-tab-m11-5-638604541616878338-750x500.jpg,,6080000.0
Máy tính bảng Lenovo Tab Plus WiFi 8GB/256GB,"Cấu hình: [('Công nghệ màn hình', 'IPS LCD'), ('Độ phân giải', '1200 x 2000 Pixels'), ('Màn hình rộng', '11.5"" - Tần số quét 90 Hz')]; Hệ điều hành & CPU: [('Hệ điều hành', 'Android 14'), ('Chip xử lý (CPU)', 'MediaTek Helio G99'), ('Tốc độ CPU', '2 nhân 2.2 GHz & 6 nhân 2 GHz'), ('Chip đồ hoạ (GPU)', 'Mali-G57 MC2')]; Bộ nhớ & Lưu trữ: [('RAM', '8 GB'), ('Dung lượng lưu trữ', '256 GB'), ('Dung lượng còn lại (khả dụng) khoảng', '235 GB'), ('Thẻ nhớ ngoài', 'Micro SD, hỗ trợ tối đa 1 TB')]; Camera sau: [('Độ phân giải', '8 MP'), ('Quay phim', 'FullHD 1080p@30fps'), ('Tính năng', 'HDR | Tự động lấy nét')]; Camera trước: [('Độ phân giải', '8 MP'), ('Tính năng', 'Tự động lấy nét (AF) | Quay video Full HD')]; Kết nối: [('Wifi', 'Wi-Fi Direct | Wi-Fi 802.11 a/b/g/n/ac | Dual-band'), ('GPS', 'GPS | GLONASS | GALILEO'), ('Bluetooth', 'v5.2'), ('Cổng kết nối/sạc', 'Type-C'), ('Jack tai nghe', '3.5 mm')]; Tiện ích: [('Tính năng đặc biệt', 'Âm thanh Dolby Atmos | Chạm 2 lần mở màn hình | Google Kids Space'), ('Kháng nước, bụi', 'IP52')]; Pin & Sạc: [('Dung lượng pin', '8600 mAh'), ('Loại pin', 'Li-Po'), ('Công nghệ pin', 'Sạc pin nhanh | Tiết kiệm pin'), ('Hỗ trợ sạc tối đa', '45 W'), ('Sạc kèm theo máy', '45 W')]; Thông tin chung: [('Chất liệu', 'Nhôm nguyên khối'), ('Kích thước, khối lượng', 'Dài 268.3 mm - Ngang 174.25 mm - Dày 7.77-13.58 mm - Nặng 650 g'), ('Thời điểm ra mắt', '07/2024'), ('Hãng', 'Lenovo. Xem thông tin hãng')]",https://cdn.tgdd.vn/Products/Images/522/327293/lenovo-tab-plus-1-750x500.jpg; https://cdn.tgdd.vn/Products/Images/522/327293/lenovo-tab-plus-2-750x500.jpg; https://cdn.tgdd.vn/Products/Images/522/327293/lenovo-tab-plus-3-750x500.jpg; https://cdn.tgdd.vn/Products/Images/522/327293/lenovo-tab-plus-4-750x500.jpg; https://cdn.tgdd.vn/Products/Images/522/327293/lenovo-tab-plus-5-750x500.jpg,,7550000.0
Máy tính bảng Lenovo Tab 4G 4GB/64GB,"Cấu hình: [('Công nghệ màn hình', 'IPS LCD'), ('Độ phân giải', '1200 x 1920 Pixels'), ('Màn hình rộng', '10.1"" - Tần số quét 60 Hz')]; Hệ điều hành & CPU: [('Hệ điều hành', 'Android 14'), ('Chip xử lý (CPU)', 'MediaTek Helio G85 8 nhân'), ('Tốc độ CPU', '2 nhân 2.0 GHz & 6 nhân 1.8 GHz'), ('Chip đồ hoạ (GPU)', 'Mali-G52 MC2')]; Bộ nhớ & Lưu trữ: [('RAM', '4 GB'), ('Dung lượng lưu trữ', '64 GB'), ('Dung lượng còn lại (khả dụng) khoảng', '49 GB'), ('Thẻ nhớ ngoài', 'Micro SD, hỗ trợ tối đa 1 TB')]; Camera sau: [('Độ phân giải', '8 MP'), ('Quay phim', 'Có'), ('Tính năng', 'Xóa phông | Làm đẹp | Tự động lấy nét')]; Camera trước: [('Độ phân giải', '5 MP'), ('Tính năng', 'Xóa phông | Làm đẹp | Bộ lọc màu')]; Kết nối: [('Mạng di động', 'Hỗ trợ 4G'), ('SIM', '1 Nano SIM'), ('Thực hiện cuộc gọi', 'Có nghe gọi'), ('Wifi', 'Wi-Fi 5'), ('GPS', 'GPS | GLONASS | GALILEO | BDS | A-GPS'), ('Bluetooth', 'v5.3'), ('Cổng kết nối/sạc', 'Type-C'), ('Jack tai nghe', '3.5 mm')]; Tiện ích: [('Tính năng đặc biệt', 'Âm thanh Dolby Atmos | Trợ lý ảo Google | Mở khóa bằng khuôn mặt | Loa kép | Google Kids Space'), ('Kháng nước, bụi', 'IP52'), ('Ghi âm', 'Có'), ('Radio', 'Có')]; Pin & Sạc: [('Dung lượng pin', '5100 mAh'), ('Loại pin', 'Li-Po'), ('Công nghệ pin', 'Tiết kiệm pin'), ('Hỗ trợ sạc tối đa', '15 W'), ('Sạc kèm theo máy', '20 W')]; Thông tin chung: [('Chất liệu', 'Kim loại nguyên khối'), ('Kích thước, khối lượng', 'Dài 235.7 mm - Ngang 154.5 mm - Dày 7.5 mm - Nặng 425 g'), ('Thời điểm ra mắt', '11/2024'), ('Hãng', 'Lenovo. Xem thông tin hãng')]",https://cdnv2.tgdd.vn/mwg-static/tgdd/Products/Images/522/334991/lenovo-tab-4g-xam-1-638766207134443497-750x500.jpg; https://cdnv2.tgdd.vn/mwg-static/tgdd/Products/Images/522/334991/lenovo-tab-4g-xam-2-638766207141917980-750x500.jpg; https://cdnv2.tgdd.vn/mwg-static/tgdd/Products/Images/522/334991/lenovo-tab-4g-xam-3-638766207148747258-750x500.jpg; https://cdnv2.tgdd.vn/mwg-static/tgdd/Products/Images/522/334991/lenovo-tab-4g-xam-4-638766207155515308-750x500.jpg; https://cdnv2.tgdd.vn/mwg-static/tgdd/Products/Images/522/334991/lenovo-tab-4g-xam-5-638766207164986610-750x500.jpg; https://cdnv2.tgdd.vn/mwg-static/tgdd/Products/Images/522/334991/lenovo-tab-4g-xam-6-638766207173570606-750x500.jpg,,4000000.0
Máy tính bảng Xiaomi Redmi Pad 2 WiFi 4GB/128GB,"Cấu hình: [('Công nghệ màn hình', 'IPS LCD'), ('Độ phân giải', '1600 x 2560 Pixels'), ('Màn hình rộng', '11"" - Tần số quét 90 Hz')]; Hệ điều hành & CPU: [('Hệ điều hành', 'Xiaomi HyperOS 2'), ('Chip xử lý (CPU)', 'MediaTek Helio G100-Ultra 8 nhân'), ('Tốc độ CPU', '2 nhân 2.2 GHz & 6 nhân 2 GHz'), ('Chip đồ hoạ (GPU)', 'Mali-G57 MC2')]; Bộ nhớ & Lưu trữ: [('RAM', '4 GB'), ('Dung lượng lưu trữ', '128 GB'), ('Dung lượng còn lại (khả dụng) khoảng', '115 GB'), ('Thẻ nhớ ngoài', 'Micro SD, hỗ trợ tối đa 2 TB')]; Camera sau: [('Độ phân giải', '8 MP'), ('Quay phim', 'HD 720p@30fps | FullHD 1080p@30fps'), ('Tính năng', 'Quét tài liệu | HDR')]; Camera trước: [('Độ phân giải', '5 MP'), ('Tính năng', 'Quay video HD | Quay video Full HD | Máy nhắc chữ')]; Kết nối: [('Wifi', 'Wi-Fi 5 | Dual-band'), ('GPS', 'GPS'), ('Bluetooth', 'v5.3'), ('Cổng kết nối/sạc', 'Type-C'), ('Jack tai nghe', '3.5 mm')]; Tiện ích: [('Tính năng đặc biệt', 'Âm thanh Dolby Atmos | Mở khóa bằng khuôn mặt | 4 loa'), ('Ghi âm', 'Có'), ('Radio', 'Có')]; Pin & Sạc: [('Dung lượng pin', '9000 mAh'), ('Loại pin', 'Li-Po'), ('Công nghệ pin', 'Tiết kiệm pin'), ('Hỗ trợ sạc tối đa', '18 W'), ('Sạc kèm theo máy', '15 W')]; Thông tin chung: [('Chất liệu', 'Kim loại nguyên khối'), ('Kích thước, khối lượng', 'Dài 254.58 mm - Ngang 166.04 mm - Dày 7.36 mm - Nặng 519 g'), ('Thời điểm ra mắt', '06/2025'), ('Hãng', 'Xiaomi. Xem thông tin hãng')]",https://cdnv2.tgdd.vn/mwg-static/tgdd/Products/Images/522/339204/xiaomi-redmi-pad-2-wifi-xam-1-638889722791105651-750x500.jpg; https://cdnv2.tgdd.vn/mwg-static/tgdd/Products/Images/522/339204/xiaomi-redmi-pad-2-wifi-xam-2-638889722797826792-750x500.jpg; https://cdnv2.tgdd.vn/mwg-static/tgdd/Products/Images/522/339204/xiaomi-redmi-pad-2-wifi-xam-3-638889722805694870-750x500.jpg; https://cdnv2.tgdd.vn/mwg-static/tgdd/Products/Images/522/339204/xiaomi-redmi-pad-2-wifi-xam-4-638889722811092739-750x500.jpg; https://cdnv2.tgdd.vn/mwg-static/tgdd/Products/Images/522/339204/xiaomi-redmi-pad-2-wifi-xam-5-638889722817493022-750x500.jpg; https://cdnv2.tgdd.vn/mwg-static/tgdd/Products/Images/522/339204/xiaomi-redmi-pad-2-wifi-xam-6-638889722829329117-750x500.jpg,,5200000.0
Máy tính bảng Xiaomi Redmi Pad Pro WiFi 6GB/128GB,"Cấu hình: [('Công nghệ màn hình', 'IPS LCD'), ('Độ phân giải', '1600 x 2560 Pixels'), ('Màn hình rộng', '12.1"" - Tần số quét 120 Hz')]; Hệ điều hành & CPU: [('Hệ điều hành', 'Xiaomi HyperOS (Android 14)'), ('Chip xử lý (CPU)', 'Snapdragon 7s Gen 2 8 nhân'), ('Tốc độ CPU', '4 nhân 2.3 GHz & 4 nhân 1.95 GHz'), ('Chip đồ hoạ (GPU)', 'Adreno 710')]; Bộ nhớ & Lưu trữ: [('RAM', '6 GB'), ('Dung lượng lưu trữ', '128 GB'), ('Dung lượng còn lại (khả dụng) khoảng', '103 GB'), ('Thẻ nhớ ngoài', 'Micro SD, hỗ trợ tối đa 1.5 TB')]; Camera sau: [('Độ phân giải', '8 MP'), ('Quay phim', 'HD 720p@30fps | FullHD 1080p@30fps'), ('Tính năng', 'Bộ lọc màu | Đèn Flash | Ánh sáng yếu (Chụp đêm) | Zoom kỹ thuật số | Tilt-shift | Quét tài liệu | Quét mã QR | Làm đẹp | HDR | Google Lens | Chụp một chạm | Chụp hẹn giờ | Chống rung | Camera AI')]; Camera trước: [('Độ phân giải', '8 MP'), ('Tính năng', 'Vẫy tay chụp ảnh | Quay video HD | Quay video Full HD | Làm đẹp | Hẹn giờ chụp | HDR | Chụp một chạm | Bộ lọc màu')]; Kết nối: [('Wifi', 'Wi-Fi Direct | Wi-Fi 802.11 a/b/g/n/ac | Wi-Fi 6 | MIMO | Dual-band'), ('GPS', 'Hãng không công bố'), ('Bluetooth', 'v5.2'), ('Cổng kết nối/sạc', 'Type-C'), ('Jack tai nghe', '3.5 mm')]; Tiện ích: [('Tính năng đặc biệt', 'Ứng dụng kép (Nhân bản ứng dụng) | Đa cửa sổ | Âm thanh Hi-Res Audio | Âm thanh Dolby Atmos | Trợ lý ảo Google | Mở rộng bộ nhớ RAM | Mở khóa bằng khuôn mặt | Không gian thứ hai | Khoá ứng dụng | Game Turbo | Dolby Vision | Cửa sổ nổi | Chạm 2 lần tắt/mở màn hình | 4 loa'), ('Ghi âm', 'Có')]; Pin & Sạc: [('Dung lượng pin', '10000 mAh'), ('Loại pin', 'Li-Po'), ('Công nghệ pin', 'Sạc pin nhanh | Tiết kiệm pin'), ('Hỗ trợ sạc tối đa', '33 W'), ('Sạc kèm theo máy', '33 W')]; Thông tin chung: [('Chất liệu', 'Kim loại nguyên khối'), ('Kích thước, khối lượng', 'Dài 280 mm - Ngang 181.85 mm - Dày 7.52 mm - Nặng 571 g'), ('Thời điểm ra mắt', '06/2024'), ('Hãng', 'Xiaomi. Xem thông tin hãng')]",https://cdn.tgdd.vn/Products/Images/522/325988/xiaomi-redmi-pad-pro-grey-1-750x500.jpg; https://cdn.tgdd.vn/Products/Images/522/325988/xiaomi-redmi-pad-pro-grey-2-750x500.jpg; https://cdn.tgdd.vn/Products/Images/522/325988/xiaomi-redmi-pad-pro-grey-3-750x500.jpg; https://cdn.tgdd.vn/Products/Images/522/325988/xiaomi-redmi-pad-pro-grey-4-750x500.jpg; https://cdn.tgdd.vn/Products/Images/522/325988/xiaomi-redmi-pad-pro-grey-5-750x500.jpg,,6960000.0
Máy tính bảng Xiaomi Pad 7 WiFi 8GB/256GB,"Cấu hình: [('Công nghệ màn hình', 'IPS LCD'), ('Độ phân giải', '2136 x 3200 Pixels'), ('Màn hình rộng', '11.2"" - Tần số quét 144 Hz')]; Hệ điều hành & CPU: [('Hệ điều hành', 'Xiaomi HyperOS 2'), ('Chip xử lý (CPU)', 'Snapdragon 7+ Gen 3 8 nhân'), ('Tốc độ CPU', '2.8 GHz'), ('Chip đồ hoạ (GPU)', 'Andreno 732')]; Bộ nhớ & Lưu trữ: [('RAM', '8 GB'), ('Dung lượng lưu trữ', '256 GB'), ('Dung lượng còn lại (khả dụng) khoảng', '241 GB')]; Camera sau: [('Độ phân giải', '13 MP'), ('Tính năng', 'Quét tài liệu')]; Camera trước: [('Độ phân giải', '8 MP'), ('Tính năng', 'Làm đẹp')]; Kết nối: [('Wifi', 'Wi-Fi Direct | Wi-Fi 6E | Wi-Fi 6 | Dual-band'), ('Bluetooth', 'v5.4'), ('Cổng kết nối/sạc', 'Type-C'), ('Jack tai nghe', 'Type-C')]; Tiện ích: [('Ghi âm', 'Có'), ('Radio', 'Có')]; Pin & Sạc: [('Dung lượng pin', '8850 mAh'), ('Loại pin', 'Li-Po'), ('Công nghệ pin', 'Sạc pin nhanh | Tiết kiệm pin'), ('Hỗ trợ sạc tối đa', '45 W'), ('Sạc kèm theo máy', '45 W')]; Thông tin chung: [('Chất liệu', 'Nhôm nguyên khối'), ('Kích thước, khối lượng', 'Dài 251.22 mm - Ngang 173.42 mm - Dày 6.18 mm - Nặng 500 g'), ('Thời điểm ra mắt', '03/2025'), ('Hãng', 'Xiaomi. Xem thông tin hãng')]",https://cdnv2.tgdd.vn/mwg-static/tgdd/Products/Images/522/334530/xiaomi-pad-7-xanh-duong-1-638775431461406403-750x500.jpg; https://cdnv2.tgdd.vn/mwg-static/tgdd/Products/Images/522/334530/xiaomi-pad-7-xanh-duong-2-638775431468327041-750x500.jpg; https://cdnv2.tgdd.vn/mwg-static/tgdd/Products/Images/522/334530/xiaomi-pad-7-xanh-duong-3-638775431473922818-750x500.jpg; https://cdnv2.tgdd.vn/mwg-static/tgdd/Products/Images/522/334530/xiaomi-pad-7-xanh-duong-4-638775431479714056-750x500.jpg; https://cdnv2.tgdd.vn/mwg-static/tgdd/Products/Images/522/334530/xiaomi-pad-7-xanh-duong-5-638775431485871357-750x500.jpg,,11090000.0
Máy tính bảng Xiaomi Pad 7 Pro WiFi 12GB/512GB,"Cấu hình: [('Công nghệ màn hình', 'IPS LCD'), ('Độ phân giải', '2136 x 3200 Pixels'), ('Màn hình rộng', '11.2"" - Tần số quét 144 Hz')]; Hệ điều hành & CPU: [('Hệ điều hành', 'Xiaomi HyperOS 2'), ('Chip xử lý (CPU)', 'Snapdragon 8s Gen 3 8 nhân'), ('Tốc độ CPU', '3 GHz'), ('Chip đồ hoạ (GPU)', 'Andreno 735')]; Bộ nhớ & Lưu trữ: [('RAM', '12 GB'), ('Dung lượng lưu trữ', '512 GB'), ('Dung lượng còn lại (khả dụng) khoảng', '497 GB')]; Camera sau: [('Độ phân giải', '50 MP'), ('Tính năng', 'Quét tài liệu')]; Camera trước: [('Độ phân giải', '32 MP'), ('Tính năng', 'Làm đẹp')]; Kết nối: [('Wifi', 'Wi-Fi Direct | Wi-Fi 7 | Wi-Fi 6E | Wi-Fi 6 | Dual-band'), ('Bluetooth', 'v5.4'), ('Cổng kết nối/sạc', 'Type-C'), ('Jack tai nghe', 'Type-C')]; Tiện ích: [('Ghi âm', 'Có'), ('Radio', 'Có')]; Pin & Sạc: [('Dung lượng pin', '8850 mAh'), ('Loại pin', 'Li-Po'), ('Công nghệ pin', 'Sạc pin nhanh | Tiết kiệm pin'), ('Hỗ trợ sạc tối đa', '67 W'), ('Sạc kèm theo máy', '67 W')]; Thông tin chung: [('Chất liệu', 'Nhôm nguyên khối'), ('Kích thước, khối lượng', 'Dài 251.22 mm - Ngang 173.42 mm - Dày 6.18 mm - Nặng 500 g'), ('Thời điểm ra mắt', '03/2025'), ('Hãng', 'Xiaomi. Xem thông tin hãng')]",https://cdnv2.tgdd.vn/mwg-static/tgdd/Products/Images/522/334527/xiaomi-pad-7-pro-xam-1-638775414616675140-750x500.jpg; https://cdnv2.tgdd.vn/mwg-static/tgdd/Products/Images/522/334527/xiaomi-pad-7-pro-xam-2-638775414622596792-750x500.jpg; https://cdnv2.tgdd.vn/mwg-static/tgdd/Products/Images/522/334527/xiaomi-pad-7-pro-xam-3-638775414628838255-750x500.jpg; https://cdnv2.tgdd.vn/mwg-static/tgdd/Products/Images/522/334527/xiaomi-pad-7-pro-xam-4-638775414635827647-750x500.jpg; https://cdnv2.tgdd.vn/mwg-static/tgdd/Products/Images/522/334527/xiaomi-pad-7-pro-xam-5-638775414641410376-750x500.jpg; https://cdnv2.tgdd.vn/mwg-static/tgdd/Products/Images/522/334527/xiaomi-pad-7-pro-xam-6-638775414647568156-750x500.jpg,,15500000.0
Máy tính bảng Xiaomi Redmi Pad SE 8.7 WiFi 4GB/64GB,"Cấu hình: [('Công nghệ màn hình', 'IPS LCD'), ('Độ phân giải', '800 x 1340 Pixels'), ('Màn hình rộng', '8.7"" - Tần số quét 90 Hz')]; Hệ điều hành & CPU: [('Hệ điều hành', 'Android 14'), ('Chip xử lý (CPU)', 'MediaTek Helio G85 8 nhân'), ('Tốc độ CPU', '2 nhân 2.0 GHz & 6 nhân 1.8 GHz'), ('Chip đồ hoạ (GPU)', 'Mali-G52 MC2')]; Bộ nhớ & Lưu trữ: [('RAM', '4 GB'), ('Dung lượng lưu trữ', '64 GB'), ('Dung lượng còn lại (khả dụng) khoảng', '45 GB'), ('Thẻ nhớ ngoài', 'Micro SD, hỗ trợ tối đa 2 TB')]; Camera sau: [('Độ phân giải', '8 MP'), ('Quay phim', 'HD 720p@30fps | FullHD 1080p@30fps'), ('Tính năng', 'Đèn Flash')]; Camera trước: [('Độ phân giải', '5 MP'), ('Tính năng', 'Quay video HD | Quay video Full HD')]; Kết nối: [('Wifi', 'Wi-Fi 802.11 a/b/g/n/ac | Dual-band'), ('GPS', 'GPS | GLONASS | GALILEO | BDS'), ('Bluetooth', 'v5.3'), ('Cổng kết nối/sạc', 'Type-C'), ('Jack tai nghe', '3.5 mm')]; Tiện ích: [('Tính năng đặc biệt', 'Âm thanh Dolby Atmos | Mở khóa bằng khuôn mặt | Loa kép'), ('Ghi âm', 'Có'), ('Radio', 'Có')]; Pin & Sạc: [('Dung lượng pin', '6650 mAh'), ('Loại pin', 'Li-Po'), ('Công nghệ pin', 'Tiết kiệm pin'), ('Hỗ trợ sạc tối đa', '18 W'), ('Sạc kèm theo máy', '10 W')]; Thông tin chung: [('Chất liệu', 'Nhựa nguyên khối'), ('Kích thước, khối lượng', 'Dài 211.58 mm - Ngang 125.48 mm - Dày 8.8 mm - Nặng 375 g'), ('Thời điểm ra mắt', '08/2024'), ('Hãng', 'Xiaomi. Xem thông tin hãng')]",https://cdnv2.tgdd.vn/mwg-static/tgdd/Products/Images/522/328520/redmi-pad-se-8-7-wifi-grey-1-638612399174435493-750x500.jpg; https://cdnv2.tgdd.vn/mwg-static/tgdd/Products/Images/522/328520/redmi-pad-se-8-7-wifi-grey-2-638612399184940103-750x500.jpg; https://cdnv2.tgdd.vn/mwg-static/tgdd/Products/Images/522/328520/redmi-pad-se-8-7-wifi-grey-3-638612399190179133-750x500.jpg; https://cdnv2.tgdd.vn/mwg-static/tgdd/Products/Images/522/328520/redmi-pad-se-8-7-wifi-grey-4-638612399198698015-750x500.jpg; https://cdnv2.tgdd.vn/mwg-static/tgdd/Products/Images/522/328520/redmi-pad-se-8-7-wifi-grey-5-638612399205107362-750x500.jpg,,3230000.0
Máy tính bảng Xiaomi Redmi Pad SE WiFi 4GB/128GB,"Cấu hình: [('Công nghệ màn hình', 'IPS LCD'), ('Độ phân giải', '1200 x 1920 Pixels'), ('Màn hình rộng', '11"" - Tần số quét 90 Hz')]; Hệ điều hành & CPU: [('Hệ điều hành', 'Android 13'), ('Chip xử lý (CPU)', 'Snapdragon 680 8 nhân'), ('Tốc độ CPU', '2.4 GHz'), ('Chip đồ hoạ (GPU)', 'Adreno 610')]; Bộ nhớ & Lưu trữ: [('RAM', '4 GB'), ('Dung lượng lưu trữ', '128 GB'), ('Dung lượng còn lại (khả dụng) khoảng', '115 GB'), ('Thẻ nhớ ngoài', 'Micro SD, hỗ trợ tối đa 1 TB')]; Camera sau: [('Độ phân giải', '8 MP'), ('Quay phim', 'HD 720p@30fps | FullHD 1080p@30fps'), ('Tính năng', 'Bộ lọc màu | Ánh sáng yếu (Chụp đêm) | Quét tài liệu | HDR | Chụp hẹn giờ')]; Camera trước: [('Độ phân giải', '5 MP'), ('Tính năng', 'Quay video HD | Quay video Full HD | Làm đẹp | Hẹn giờ chụp | HDR | Bộ lọc màu')]; Kết nối: [('Wifi', 'Wi-Fi 802.11 a/b/g/n/ac | Dual-band'), ('Bluetooth', 'v5.0'), ('Cổng kết nối/sạc', 'Type-C'), ('Jack tai nghe', '3.5 mm'), ('Kết nối khác', 'OTG')]; Tiện ích: [('Tính năng đặc biệt', 'Ứng dụng kép (Nhân bản ứng dụng) | Đa cửa sổ | Âm thanh Hi-Res Audio | Âm thanh Dolby Atmos | Mở rộng bộ nhớ RAM | Mở khóa bằng khuôn mặt | Không gian thứ hai | Chạm 2 lần tắt/mở màn hình | 4 loa'), ('Ghi âm', 'Có')]; Pin & Sạc: [('Dung lượng pin', '8000 mAh'), ('Loại pin', 'Li-Po'), ('Công nghệ pin', 'Tiết kiệm pin'), ('Hỗ trợ sạc tối đa', '10 W'), ('Sạc kèm theo máy', '10 W')]; Thông tin chung: [('Chất liệu', 'Kim loại nguyên khối'), ('Kích thước, khối lượng', 'Dài 255.53 mm - Ngang 167.08 mm - Dày 7.36 mm - Nặng 478 g'), ('Thời điểm ra mắt', '09/2023'), ('Hãng', 'Xiaomi. Xem thông tin hãng')]",https://cdn.tgdd.vn/Products/Images/522/315607/xiaomi-pad-se-xam-1-1-750x500.jpg; https://cdn.tgdd.vn/Products/Images/522/315607/xiaomi-pad-se-xam-2-1-750x500.jpg; https://cdn.tgdd.vn/Products/Images/522/315607/xiaomi-pad-se-xam-3-1-750x500.jpg; https://cdn.tgdd.vn/Products/Images/522/315607/xiaomi-pad-se-xam-4-750x500.jpg; https://cdn.tgdd.vn/Products/Images/522/315607/xiaomi-pad-se-xam-5-750x500.jpg,,4210000.0
Máy tính bảng Xiaomi Redmi Pad SE 8.7 4G 4GB/128GB,"Cấu hình: [('Công nghệ màn hình', 'IPS LCD'), ('Độ phân giải', '800 x 1340 Pixels'), ('Màn hình rộng', '8.7"" - Tần số quét 90 Hz')]; Hệ điều hành & CPU: [('Hệ điều hành', 'Android 14'), ('Chip xử lý (CPU)', 'MediaTek Helio G85 8 nhân'), ('Tốc độ CPU', '2 nhân 2.0 GHz & 6 nhân 1.8 GHz'), ('Chip đồ hoạ (GPU)', 'Mali-G52 MC2')]; Bộ nhớ & Lưu trữ: [('RAM', '4 GB'), ('Dung lượng lưu trữ', '128 GB'), ('Dung lượng còn lại (khả dụng) khoảng', '109 GB'), ('Thẻ nhớ ngoài', 'Micro SD, hỗ trợ tối đa 2 TB')]; Camera sau: [('Độ phân giải', '8 MP'), ('Quay phim', 'HD 720p@30fps | FullHD 1080p@30fps'), ('Tính năng', 'Đèn Flash')]; Camera trước: [('Độ phân giải', '5 MP'), ('Tính năng', 'Quay video HD | Quay video Full HD')]; Kết nối: [('Mạng di động', 'Hỗ trợ 4G'), ('SIM', '2 Nano SIM'), ('Thực hiện cuộc gọi', 'Có nghe gọi'), ('Wifi', 'Wi-Fi 802.11 a/b/g/n/ac | Dual-band'), ('GPS', 'GPS | GLONASS | GALILEO | BDS'), ('Bluetooth', 'v5.3'), ('Cổng kết nối/sạc', 'Type-C'), ('Jack tai nghe', '3.5 mm')]; Tiện ích: [('Tính năng đặc biệt', 'Âm thanh Dolby Atmos | Mở khóa bằng khuôn mặt | Loa kép'), ('Ghi âm', 'Có'), ('Radio', 'Có')]; Pin & Sạc: [('Dung lượng pin', '6650 mAh'), ('Loại pin', 'Li-Po'), ('Công nghệ pin', 'Tiết kiệm pin'), ('Hỗ trợ sạc tối đa', '18 W'), ('Sạc kèm theo máy', '10 W')]; Thông tin chung: [('Chất liệu', 'Nhựa nguyên khối'), ('Kích thước, khối lượng', 'Dài 211.58 mm - Ngang 125.48 mm - Dày 8.8 mm - Nặng 375 g'), ('Thời điểm ra mắt', '08/2024'), ('Hãng', 'Xiaomi. Xem thông tin hãng')]",https://cdn.tgdd.vn/Products/Images/522/328523/redmi-pad-se-8-7-4g-green-1-750x500.jpg; https://cdn.tgdd.vn/Products/Images/522/328523/redmi-pad-se-8-7-4g-green-2-750x500.jpg; https://cdn.tgdd.vn/Products/Images/522/328523/redmi-pad-se-8-7-4g-green-3-750x500.jpg; https://cdn.tgdd.vn/Products/Images/522/328523/redmi-pad-se-8-7-4g-green-4-750x500.jpg; https://cdn.tgdd.vn/Products/Images/522/328523/redmi-pad-se-8-7-4g-green-5-750x500.jpg,,4500000.0
Máy tính bảng Xiaomi Redmi Pad 2 4G 4GB/128GB,"Cấu hình: [('Công nghệ màn hình', 'IPS LCD'), ('Độ phân giải', '1600 x 2560 Pixels'), ('Màn hình rộng', '11"" - Tần số quét 90 Hz')]; Hệ điều hành & CPU: [('Hệ điều hành', 'Xiaomi HyperOS 2'), ('Chip xử lý (CPU)', 'MediaTek Helio G100-Ultra 8 nhân'), ('Tốc độ CPU', '2 nhân 2.2 GHz & 6 nhân 2 GHz'), ('Chip đồ hoạ (GPU)', 'Mali-G57 MC2')]; Bộ nhớ & Lưu trữ: [('RAM', '4 GB'), ('Dung lượng lưu trữ', '128 GB'), ('Dung lượng còn lại (khả dụng) khoảng', '115 GB'), ('Thẻ nhớ ngoài', 'Micro SD, hỗ trợ tối đa 2 TB')]; Camera sau: [('Độ phân giải', '8 MP'), ('Quay phim', 'HD 720p@30fps | FullHD 1080p@30fps'), ('Tính năng', 'Quét tài liệu | HDR')]; Camera trước: [('Độ phân giải', '5 MP'), ('Tính năng', 'Quay video HD | Quay video Full HD | Máy nhắc chữ')]; Kết nối: [('Mạng di động', 'Hỗ trợ 4G'), ('SIM', '2 Nano SIM (SIM 2 chung khe thẻ nhớ)'), ('Thực hiện cuộc gọi', 'Có nghe gọi'), ('Wifi', 'Wi-Fi 5 | Dual-band'), ('GPS', 'GPS'), ('Bluetooth', 'v5.3'), ('Cổng kết nối/sạc', 'Type-C'), ('Jack tai nghe', '3.5 mm')]; Tiện ích: [('Tính năng đặc biệt', 'Âm thanh Dolby Atmos | Mở khóa bằng khuôn mặt | 4 loa'), ('Ghi âm', 'Có'), ('Radio', 'Có')]; Pin & Sạc: [('Dung lượng pin', '9000 mAh'), ('Loại pin', 'Li-Po'), ('Công nghệ pin', 'Tiết kiệm pin'), ('Hỗ trợ sạc tối đa', '18 W'), ('Sạc kèm theo máy', '15 W')]; Thông tin chung: [('Chất liệu', 'Kim loại nguyên khối'), ('Kích thước, khối lượng', 'Dài 254.58 mm - Ngang 166.04 mm - Dày 7.36 mm - Nặng 519 g'), ('Thời điểm ra mắt', '06/2025'), ('Hãng', 'Xiaomi. Xem thông tin hãng')]",https://cdnv2.tgdd.vn/mwg-static/tgdd/Products/Images/522/339207/xiaomi-redmi-pad-2-4g-xanh-1-638890347158659983-750x500.jpg; https://cdnv2.tgdd.vn/mwg-static/tgdd/Products/Images/522/339207/xiaomi-redmi-pad-2-4g-xanh-2-638890347164455517-750x500.jpg; https://cdnv2.tgdd.vn/mwg-static/tgdd/Products/Images/522/339207/xiaomi-redmi-pad-2-4g-xanh-3-638890347171355457-750x500.jpg; https://cdnv2.tgdd.vn/mwg-static/tgdd/Products/Images/522/339207/xiaomi-redmi-pad-2-4g-xanh-4-638890347178281160-750x500.jpg; https://cdnv2.tgdd.vn/mwg-static/tgdd/Products/Images/522/339207/xiaomi-redmi-pad-2-4g-xanh-5-638890347184248540-750x500.jpg; https://cdnv2.tgdd.vn/mwg-static/tgdd/Products/Images/522/339207/xiaomi-redmi-pad-2-4g-xanh-6-638890347191367604-750x500.jpg,,5890000.0
