Name,thumb
Máy tính bảng Samsung Galaxy Tab S10 Lite 5G 6GB/128GB,https://cdn.tgdd.vn/Products/Images/522/343061/samsung-galaxy-tab-s10-lite-bac-thumb-600x600.jpg
Máy tính bảng Samsung Galaxy Tab S11 WiFi 12GB/128GB,https://cdn.tgdd.vn/Products/Images/522/344723/samsung-galaxy-tab-s11-gray-thumb-600x600.jpg
Máy tính bảng Samsung Galaxy Tab S11 5G 12GB/128GB,https://cdn.tgdd.vn/Products/Images/522/344721/samsung-galaxy-tab-s11-gray-thumb-600x600.jpg
Máy tính bảng Samsung Galaxy Tab S9 WiFi 8GB/128GB,https://cdn.tgdd.vn/Products/Images/522/303299/samsung-galaxy-tab-s9-grey-thumbnew-600x600.jpg
Máy tính bảng Samsung Galaxy Tab S6 Lite 2024 4G 4GB/64GB,https://cdn.tgdd.vn/Products/Images/522/322134/samsung-galaxy-tab-s6-lite-2024-grey-thumb-600x600.jpg
Máy tính bảng Samsung Galaxy Tab S9 5G 12GB/256GB,https://cdn.tgdd.vn/Products/Images/522/311063/samsung-galaxy-tab-s9-kem-thumbnew-600x600.jpg
Máy tính bảng Samsung Galaxy Tab S10 FE+ WiFi 8GB/128GB,https://cdn.tgdd.vn/Products/Images/522/336740/samsung-galaxy-tab-s10-fe-plus-gray-thumb-600x600.jpg
Máy tính bảng Samsung Galaxy Tab S10+ WiFi 12GB/256GB,https://cdn.tgdd.vn/Products/Images/522/322130/samsung-galaxy-tab-s10-plus-gray-thumb-600x600.jpg
Máy tính bảng Samsung Galaxy Tab A9+ 5G 4GB/64GB,https://cdn.tgdd.vn/Products/Images/522/317623/samsung-galaxy-a9-plus-bac-thumb-600x600.jpg
Máy tính bảng Samsung Galaxy Tab S10 FE 5G 8GB/128GB,https://cdn.tgdd.vn/Products/Images/522/336738/samsung-galaxy-tab-s10-fe-blue-thumb-600x600.jpg
Máy tính bảng Samsung Galaxy Tab A9 4G 4GB/64GB,https://cdn.tgdd.vn/Products/Images/522/317621/samsung-galaxy-tab-a9-den-thumb-600x600.jpg
Máy tính bảng Samsung Galaxy Tab A9+ WiFi 8GB/128GB,https://cdnv2.tgdd.vn/mwg-static/tgdd/Products/Images/522/333481/samsung-galaxy-tab-a9-wifi-8gb-128gb-241224-033419-869-600x600.jpg
Máy tính bảng Samsung Galaxy Tab S10 FE WiFi 8GB/128GB,https://cdn.tgdd.vn/Products/Images/522/336737/samsung-galaxy-tab-s10-fe-silver-thumb-600x600.jpg
Máy tính bảng Samsung Galaxy Tab S11 Ultra 5G 12GB/256GB,https://cdn.tgdd.vn/Products/Images/522/344725/samsung-galaxy-tab-s11-ultra-gray-thumb-600x600.jpg
Máy tính bảng Samsung Galaxy Tab S10 Ultra 5G 12GB/256GB,https://cdn.tgdd.vn/Products/Images/522/322132/samsung-galaxy-tab-s10-ultra-gray-thumb-600x600.jpg
Máy tính bảng Samsung Galaxy Tab A11 WiFi 4GB/64GB,https://cdnv2.tgdd.vn/mwg-static/tgdd/Products/Images/522/345546/samsung-galaxy-tab-a11-wifi-4gb-64gb-150925-043206-667-600x600.jpg
Máy tính bảng Samsung Galaxy Tab A11 4G 4GB/64GB,https://cdnv2.tgdd.vn/mwg-static/tgdd/Products/Images/522/345548/samsung-galaxy-tab-a11-4g-4gb-64gb-150925-043412-910-600x600.jpg
Máy tính bảng iPad A16 WiFi 128GB,https://cdn.tgdd.vn/Products/Images/522/335308/ipad-11-wifi-blue-thumb-600x600.jpg
Máy tính bảng iPad A16 5G 128GB,https://cdn.tgdd.vn/Products/Images/522/335311/ipad-11-5g-sliver-thumb-600x600.jpg
Máy tính bảng iPad Air M3 11 inch WiFi 128GB,https://cdn.tgdd.vn/Products/Images/522/335267/ipad-air-m3-11-inch-wifi-blue-thumb-600x600.jpg
Máy tính bảng iPad mini 7 WiFi 128GB,https://cdn.tgdd.vn/Products/Images/522/331229/ipad-mini-7-wifi-purple-thumb-600x600.jpg
Máy tính bảng iPad Air M3 13 inch WiFi 128GB,https://cdn.tgdd.vn/Products/Images/522/335275/ipad-air-m3-13-inch-wifi-purple-thumb-600x600.jpg
Máy tính bảng iPad Pro M4 11 inch WiFi 256GB,https://cdn.tgdd.vn/Products/Images/522/325513/ipad-pro-11-inch-m4-wifi-black-thumb-600x600.jpg
Máy tính bảng iPad Pro M4 13 inch WiFi 256GB,https://cdn.tgdd.vn/Products/Images/522/325517/ipad-pro-13-inch-m4-wifi-black-thumb-600x600.jpg
Máy tính bảng iPad mini 7 5G 128GB,https://cdn.tgdd.vn/Products/Images/522/331232/ipad-mini-7-5g-starlight-thumb-600x600.jpg
Máy tính bảng iPad Air M3 13 inch 5G 128GB,https://cdn.tgdd.vn/Products/Images/522/335279/ipad-air-m3-13-inch-5g-purple-thumb-600x600.jpg
Máy tính bảng iPad Pro M4 13 inch 5G 256GB,https://cdn.tgdd.vn/Products/Images/522/325534/ipad-pro-13-inch-m4-lte-black-thumb-600x600.jpg
Máy tính bảng iPad Air 6 M2 11 inch 5G 1TB,https://cdn.tgdd.vn/Products/Images/522/325524/ipad-air-11-inch-m2-lte-purple-thumb-600x600.jpg
Máy tính bảng iPad Air 6 M2 13 inch WiFi 256GB,https://cdn.tgdd.vn/Products/Images/522/325507/ipad-air-13-inch-m2-wifi-kem-thumb-600x600.jpg
Máy tính bảng OPPO Pad SE WiFi màn hình nhám 4GB/128GB,https://cdn.tgdd.vn/Products/Images/522/339287/oppo-pad-se-sliver-thumb-600x600.jpg
Máy tính bảng OPPO Pad Neo WiFi 6GB/128GB,https://cdn.tgdd.vn/Products/Images/522/322613/oppo-pad-neo-6gb-thumb-1-600x600.jpg
Máy tính bảng OPPO Pad 3 8GB/256GB,https://cdnv2.tgdd.vn/mwg-static/tgdd/Products/Images/522/333917/oppo-pad-3-bac-thumb-638725440842878647-600x600.jpg
Máy tính bảng OPPO Pad 3 Pro 12GB/256GB,https://cdn.tgdd.vn/Products/Images/522/332555/oppo-pad-3-pro-thumb-600x600.jpg
Máy tính bảng OPPO Pad SE WiFi 4GB/128GB,https://cdn.tgdd.vn/Products/Images/522/339285/oppo-pad-se-blue-thumb-600x600.jpg
Máy tính bảng Lenovo Idea Tab 5G 8GB/128GB,https://cdn.tgdd.vn/Products/Images/522/342548/lenovo-idea-tab-5g-blue-thumb-600x600.jpg
Máy tính bảng Lenovo Tab M11 4G 4GB/128GB,https://cdn.tgdd.vn/Products/Images/522/326644/lenovo-tab-m11-4g-grey-thumb-600x600.jpg
Máy tính bảng Lenovo Tab Plus WiFi 8GB/256GB,https://cdn.tgdd.vn/Products/Images/522/327293/lenovo-tab-plus-wifi-8gb-256gb-thumb-600x600.jpg
Máy tính bảng Lenovo Tab 4G 4GB/64GB,https://cdnv2.tgdd.vn/mwg-static/tgdd/Products/Images/522/334991/lenovo-tab-4g-240225-052719-026-600x600.jpg
Máy tính bảng Xiaomi Redmi Pad 2 WiFi 4GB/128GB,https://cdn.tgdd.vn/Products/Images/522/339204/xiaomi-redmi-pad-2-gray-thumb-600x600.jpg
Máy tính bảng Xiaomi Redmi Pad Pro WiFi 6GB/128GB,https://cdn.tgdd.vn/Products/Images/522/325988/redmi-pad-pro-grey-thumb-1-600x600.jpg
Máy tính bảng Xiaomi Pad 7 WiFi 8GB/256GB,https://cdn.tgdd.vn/Products/Images/522/334530/xiaomi-pad-7-blue-thumb-600x600.jpg
Máy tính bảng Xiaomi Pad 7 Pro WiFi 12GB/512GB,https://cdn.tgdd.vn/Products/Images/522/334527/xiaomi-pad-7-pro-gray-thumb-600x600.jpg
Máy tính bảng Xiaomi Redmi Pad SE 8.7 WiFi 4GB/64GB,https://cdn.tgdd.vn/Products/Images/522/328520/redmi-pad-se-8-7-wifi-grey-thumb-600x600.jpg
Máy tính bảng Xiaomi Redmi Pad SE WiFi 4GB/128GB,https://cdn.tgdd.vn/Products/Images/522/315607/xiaomi-pad-se-xam-thumb-600x600.jpg
Máy tính bảng Xiaomi Redmi Pad SE 8.7 4G 4GB/128GB,https://cdn.tgdd.vn/Products/Images/522/328523/redmi-pad-se-8-7-wifi-green-thumb-600x600.jpg
Máy tính bảng Xiaomi Redmi Pad 2 4G 4GB/128GB,https://cdn.tgdd.vn/Products/Images/522/339207/xiaomi-redmi-pad-2-4g-green-thumb-600x600.jpg
